User: manidani,Path: T:\Lab Member Data\Daniel\DATA clario-phera\Data\,Test run no.: 1724
Test name: 1536 agar plates,Date: 9/23/2019,Time: 12:15:46 PM

ID1: 012,ID2: glu,ID3: 23092019,
Fluorescence (FI), multichromatic

Well,Content,Group,Raw Data (485/520 1),Raw Data (400/520 2),Raw Data (575/620 3),Raw Data (340/450 4),roGFP2 ratio,RTG,
A01,Sample X2,A,2045,37309,1292,13008,2.6456,0.0993,
A02,Sample X2,A,2078,36913,1315,12990,3.4739,0.1012,
A03,Control C1,A,2162,36723,1229,13125,4.4384,0.0936,
A04,Control C2,A,2252,37222,1251,13257,4.1954,0.0944,
B01,Sample X2,A,2196,37421,1324,13455,3.2632,0.0984,
B02,Sample X2,A,2272,37265,1279,13409,4.3004,0.0954,
B03,Control C3,A,2331,37494,1226,13386,4.3752,0.0916,
B04,Control C4,A,2481,37807,1228,13510,6.277,0.0909,
C01,Blank B,A,2448,38424,1310,13790,,0.095,
C02,Blank B,A,2511,37874,1257,13761,,0.0913,
C03,Sample X1,A,2635,38320,1279,13706,23.3962,0.0933,
C04,Sample X1,A,2786,38863,1266,13936,-0.6185,0.0908,
D01,Blank B,A,2783,39757,1326,14316,,0.0926,
D02,Blank B,A,2904,39705,1381,14336,,0.0963,
D03,Sample X1,A,3092,40365,1318,14331,3.3101,0.092,
D04,Sample X1,A,3279,41452,1323,14616,4.068,0.0905,
I09,Sample X2,AA,4130,45773,1583,16343,4.0499,0.0969,
I10,Sample X2,AA,3977,44813,1468,16562,2.5202,0.0886,
I11,Control C1,AA,46636,86435,4725,126445,0.9837,0.0374,
I12,Control C2,AA,73477,102586,4649,140441,0.8367,0.0331,
J09,Sample X2,AA,4079,45662,1524,16244,4.3444,0.0938,
J10,Sample X2,AA,3896,44632,1534,16258,2.6837,0.0944,
J11,Control C3,AA,78728,107298,5231,147530,0.8409,0.0355,
J12,Control C4,AA,81757,113477,5327,157122,0.8875,0.0339,
K09,Blank B,AA,3944,44793,1469,15974,,0.092,
K10,Blank B,AA,3704,43788,1413,15973,,0.0885,
K11,Sample X1,AA,3632,43197,1466,15979,8.6143,0.0917,
K12,Sample X1,AA,3546,42853,1444,16011,6.711,0.0902,
L09,Blank B,AA,3827,45009,1518,16155,,0.094,
L10,Blank B,AA,3543,43419,1461,15760,,0.0927,
L11,Sample X1,AA,3480,43102,1421,15880,4.1903,0.0895,
L12,Sample X1,AA,3508,42706,1526,16118,6.2728,0.0947,
I13,Sample X2,AB,3697,43430,1565,16432,1.0615,0.0952,
I14,Sample X2,AB,3690,43572,1530,16693,2.789,0.0917,
I15,Control C1,AB,3727,43863,1487,16704,4.3097,0.089,
I16,Control C2,AB,3837,43858,1482,16904,2.258,0.0877,
J13,Sample X2,AB,3632,43073,1493,16237,-9.0439,0.092,
J14,Sample X2,AB,3625,43686,1429,16442,16.5233,0.0869,
J15,Control C3,AB,3751,44192,1500,16789,5.839,0.0893,
J16,Control C4,AB,3886,44491,1551,17087,4.1071,0.0908,
K13,Blank B,AB,3529,42858,1467,16024,,0.0916,
K14,Blank B,AB,3575,43115,1540,16280,,0.0946,
K15,Sample X1,AB,3751,44160,1430,16700,5.622,0.0856,
K16,Sample X1,AB,3931,44696,1589,17044,4.1687,0.0932,
L13,Blank B,AB,3586,43388,1508,16343,,0.0923,
L14,Blank B,AB,3724,43962,1601,16745,,0.0956,
L15,Sample X1,AB,3858,44709,1560,17065,5.4155,0.0914,
L16,Sample X1,AB,4004,45456,1580,17219,5.3065,0.0918,
I17,Sample X2,AC,121182,177892,45700,139027,0.8653,0.3287,
I18,Sample X2,AC,112562,165616,41894,125135,0.8179,0.3348,
I19,Control C1,AC,120797,113024,3751,106336,0.2778,0.0353,
I20,Control C2,AC,121052,113981,4039,106278,0.2858,0.038,
J17,Sample X2,AC,114516,169269,43045,131278,0.8377,0.3279,
J18,Sample X2,AC,110627,164707,40579,123865,0.8246,0.3276,
J19,Control C3,AC,124367,116142,3922,109734,0.2965,0.0357,
J20,Control C4,AC,121053,113959,3660,107802,0.2856,0.034,
K17,Blank B,AC,11823,87994,12431,119343,,0.1042,
K18,Blank B,AC,10412,79138,10184,103375,,0.0985,
K19,Sample X1,AC,126032,130707,60273,123106,0.4188,0.4896,
K20,Sample X1,AC,129020,133155,62516,126884,0.4289,0.4927,
L17,Blank B,AC,11529,86333,11622,120925,,0.0961,
L18,Blank B,AC,10022,76566,9583,103033,,0.093,
L19,Sample X1,AC,122775,130854,60408,122698,0.4323,0.4923,
L20,Sample X1,AC,115415,123420,57465,115347,0.3916,0.4982,
I21,Sample X2,AD,90980,147432,50111,99936,0.9369,0.5014,
I22,Sample X2,AD,86988,141518,48812,96480,0.909,0.5059,
I23,Control C1,AD,142331,127601,2804,123856,0.4272,0.0226,
I24,Control C2,AD,142666,128383,2863,124929,0.432,0.0229,
J21,Sample X2,AD,91967,150525,51767,101219,0.963,0.5114,
J22,Sample X2,AD,89723,146805,50396,97965,0.9437,0.5144,
J23,Control C3,AD,140274,125997,2715,120220,0.4217,0.0226,
J24,Control C4,AD,141041,126903,2809,121224,0.4261,0.0232,
K21,Blank B,AD,9419,72134,6798,112950,,0.0602,
K22,Blank B,AD,9548,73900,6821,115638,,0.059,
K23,Sample X1,AD,136502,139079,60301,137915,0.5368,0.4372,
K24,Sample X1,AD,139532,141518,60842,140644,0.543,0.4326,
L21,Blank B,AD,8719,69419,6031,108028,,0.0558,
L22,Blank B,AD,8424,67155,5742,104236,,0.0551,
L23,Sample X1,AD,126207,132180,57137,130607,0.5251,0.4375,
L24,Sample X1,AD,125999,130610,56926,131287,0.5126,0.4336,
I25,Sample X2,AE,103823,161118,52965,124713,0.9563,0.4247,
I26,Sample X2,AE,114692,177384,57341,136520,1.0119,0.42,
I27,Control C1,AE,153830,137421,4243,143377,0.4621,0.0296,
I28,Control C2,AE,160812,141977,4477,147143,0.4709,0.0304,
J25,Sample X2,AE,98039,155886,50566,117050,0.9596,0.432,
J26,Sample X2,AE,111610,172750,56599,135323,0.9971,0.4183,
J27,Control C3,AE,159658,140656,4331,144639,0.4657,0.0299,
J28,Control C4,AE,162549,143126,4450,147797,0.4731,0.0301,
K25,Blank B,AE,8900,68760,3234,130145,,0.0248,
K26,Blank B,AE,9777,74678,3689,146331,,0.0252,
K27,Sample X1,AE,148743,152542,62758,146008,0.5873,0.4298,
K28,Sample X1,AE,149413,154387,63673,148740,0.5976,0.4281,
L25,Blank B,AE,8364,65981,3121,120543,,0.0259,
L26,Blank B,AE,9360,72725,3613,140764,,0.0257,
L27,Sample X1,AE,136596,143163,59221,138563,0.5696,0.4274,
L28,Sample X1,AE,152233,157963,66080,156531,0.6108,0.4222,
I29,Sample X2,AF,127053,187733,61913,149565,0.8375,0.414,
I30,Sample X2,AF,125873,189033,62932,151200,0.8577,0.4162,
I31,Control C1,AF,150436,146418,9534,140654,0.3966,0.0678,
I32,Control C2,AF,177819,167922,10561,168321,0.4609,0.0627,
J29,Sample X2,AF,121099,182592,60620,145428,0.8361,0.4168,
J30,Sample X2,AF,128048,190162,64920,155469,0.8513,0.4176,
J31,Control C3,AF,164545,156260,9461,151881,0.4245,0.0623,
J32,Control C4,AF,198242,183443,10936,180894,0.4938,0.0605,
K29,Blank B,AF,11411,86134,7029,139642,,0.0503,
K30,Blank B,AF,12056,89639,7695,152080,,0.0506,
K31,Sample X1,AF,203600,194031,51981,198190,0.5353,0.2623,
K32,Sample X1,AF,235692,220825,60880,231982,0.5783,0.2624,
L29,Blank B,AF,12410,92325,7302,162416,,0.045,
L30,Blank B,AF,13450,98500,8300,177484,,0.0468,
L31,Sample X1,AF,208204,199287,54856,209559,0.5495,0.2618,
L32,Sample X1,AF,237615,224177,60605,236902,0.5883,0.2558,
I33,Sample X2,AG,4187,45515,1451,16529,2.7335,0.0878,
I34,Sample X2,AG,4250,46063,1465,16297,3.4398,0.0899,
I35,Control C1,AG,4346,46325,1489,16218,3.3312,0.0918,
I36,Control C2,AG,4430,47010,1516,16306,3.9003,0.093,
J33,Sample X2,AG,4082,45872,1505,16417,4.5027,0.0917,
J34,Sample X2,AG,4027,45560,1485,16225,4.2945,0.0915,
J35,Control C3,AG,4070,45972,1426,16146,4.9403,0.0883,
J36,Control C4,AG,4287,46613,1554,16465,4.1828,0.0944,
K33,Blank B,AG,3864,44713,1498,16044,,0.0934,
K34,Blank B,AG,3819,44303,1474,15821,,0.0932,
K35,Sample X1,AG,3851,44911,1402,15778,5.0977,0.0889,
K36,Sample X1,AG,4156,46320,1615,16390,4.7648,0.0985,
L33,Blank B,AG,3625,44327,1477,15768,,0.0937,
L34,Blank B,AG,3564,43589,1426,15792,,0.0903,
L35,Sample X1,AG,3657,43978,1524,15877,4.1803,0.096,
L36,Sample X1,AG,3929,45523,1609,16426,6.1137,0.098,
I37,Sample X2,AH,172627,236065,84322,199903,0.8985,0.4218,
I38,Sample X2,AH,162084,220616,81328,185527,0.8587,0.4384,
I39,Control C1,AH,231610,196200,4510,215611,0.4758,0.0209,
I40,Control C2,AH,247155,213483,4924,232392,0.5178,0.0212,
J37,Sample X2,AH,181416,240367,85902,198767,0.8773,0.4322,
J38,Sample X2,AH,172507,231252,83048,186727,0.8692,0.4448,
J39,Control C3,AH,230108,196180,4300,209599,0.479,0.0205,
J40,Control C4,AH,259218,224037,5165,245902,0.5353,0.021,
K37,Blank B,AH,12317,94429,4870,211430,,0.023,
K38,Blank B,AH,11740,90203,4417,202967,,0.0218,
K39,Sample X1,AH,152609,181518,82479,162956,0.6386,0.5061,
K40,Sample X1,AH,188036,220807,96689,200270,0.7332,0.4828,
L37,Blank B,AH,12017,92285,4632,208353,,0.0222,
L38,Blank B,AH,11570,89737,4383,202481,,0.0216,
L39,Sample X1,AH,153154,182125,81827,164664,0.6405,0.4969,
L40,Sample X1,AH,190934,221899,95149,203465,0.7275,0.4676,
I41,Sample X2,AI,3766,43803,1496,15657,1.7461,0.0955,
I42,Sample X2,AI,3583,43372,1432,15375,1.227,0.0931,
I43,Control C1,AI,3531,43178,1432,15142,0.427,0.0946,
I44,Control C2,AI,3455,43018,1418,15022,-1.0432,0.0944,
J41,Sample X2,AI,3711,44427,1492,15770,3.8468,0.0946,
J42,Sample X2,AI,3379,42814,1478,15302,-27.3953,0.0966,
J43,Control C3,AI,3159,42179,1324,14967,4.4421,0.0885,
J44,Control C4,AI,3035,41415,1420,14653,5.0818,0.0969,
K41,Blank B,AI,3594,43971,1570,15709,,0.0999,
K42,Blank B,AI,3243,42437,1375,15148,,0.0908,
K43,Sample X1,AI,2941,40970,1391,14680,5.0053,0.0948,
K44,Sample X1,AI,2720,40538,1380,14216,3.9653,0.0971,
L41,Blank B,AI,3542,44068,1553,15743,,0.0986,
L42,Blank B,AI,3094,41958,1334,15317,,0.0871,
L43,Sample X1,AI,2769,40485,1344,14635,4.378,0.0918,
L44,Sample X1,AI,2569,39876,1429,14234,4.0444,0.1004,
I45,Sample X2,AJ,3316,42478,1429,14750,3.5715,0.0969,
I46,Sample X2,AJ,3214,42208,1542,14538,3.6978,0.1061,
I47,Control C1,AJ,3077,41445,1557,14482,3.277,0.1075,
I48,Control C2,AJ,2940,41477,1464,14438,4.2954,0.1014,
J45,Sample X2,AJ,2916,41689,1471,14561,4.9983,0.101,
J46,Sample X2,AJ,2817,40864,1408,14358,4.053,0.0981,
J47,Control C3,AJ,2703,40788,1340,14190,5.6939,0.0944,
J48,Control C4,AJ,2577,40260,1492,14089,7.4279,0.1059,
K45,Blank B,AJ,2599,39836,1399,14023,,0.0998,
K46,Blank B,AJ,2522,39290,1374,14041,,0.0979,
K47,Sample X1,AJ,2427,39534,1425,13824,-2.0982,0.1031,
K48,Sample X1,AJ,2360,39733,1422,13717,-2.6404,0.1037,
L45,Blank B,AJ,2441,39421,1427,13931,,0.1024,
L46,Blank B,AJ,2309,39247,1336,13901,,0.0961,
L47,Sample X1,AJ,2274,39253,1335,13633,1.009,0.0979,
L48,Sample X1,AJ,2242,39407,1444,13630,0.1838,0.1059,
M01,Sample X2,AK,117550,175738,58759,149913,0.8034,0.392,
M02,Sample X2,AK,70573,122570,41285,98782,0.5422,0.4179,
M03,Control C1,AK,89064,107595,8578,85962,0.2198,0.0998,
M04,Control C2,AK,78981,98550,7944,79606,0.1185,0.0998,
N01,Sample X2,AK,111899,169787,56757,147400,0.7894,0.3851,
N02,Sample X2,AK,66164,118790,40610,99684,0.5168,0.4074,
N03,Control C3,AK,85327,104229,8809,86517,0.1853,0.1018,
N04,Control C4,AK,85299,103893,8708,86924,0.1808,0.1002,
O01,Blank B,AK,11993,92760,13200,129677,,0.1018,
O02,Blank B,AK,10176,82007,9560,111789,,0.0855,
O03,Sample X1,AK,90181,122729,52486,96508,0.4091,0.5439,
O04,Sample X1,AK,85645,120420,50938,95271,0.4029,0.5347,
P01,Blank B,AK,12972,100124,14705,150031,,0.098,
P02,Blank B,AK,10957,87326,10649,124758,,0.0854,
P03,Sample X1,AK,106505,141094,59438,116720,0.5321,0.5092,
P04,Sample X1,AK,102317,136754,58596,113056,0.5088,0.5183,
M05,Sample X2,AL,72898,123387,26944,96629,0.8022,0.2788,
M06,Sample X2,AL,81243,133705,29468,105383,0.8524,0.2796,
M07,Control C1,AL,130105,122801,5752,116625,0.4181,0.0493,
M08,Control C2,AL,166075,152853,7213,151162,0.5137,0.0477,
N05,Sample X2,AL,69689,121531,26842,98058,0.814,0.2737,
N06,Sample X2,AL,74924,127668,28495,104335,0.8425,0.2731,
N07,Control C3,AL,129948,123231,5548,120150,0.4222,0.0462,
N08,Control C4,AL,169422,154482,7275,156134,0.5132,0.0466,
O05,Blank B,AL,8653,68831,4431,120701,,0.0367,
O06,Blank B,AL,8658,69831,4439,126003,,0.0352,
O07,Sample X1,AL,134964,142531,58034,140030,0.5587,0.4144,
O08,Sample X1,AL,170978,176089,68300,176434,0.6417,0.3871,
P05,Blank B,AL,9523,75219,4672,145477,,0.0321,
P06,Blank B,AL,9538,74933,5010,146459,,0.0342,
P07,Sample X1,AL,148472,156060,61304,158127,0.6016,0.3877,
P08,Sample X1,AL,179701,185884,69000,189762,0.6663,0.3636,
M09,Sample X2,AM,3668,44203,1497,15835,3.954,0.0945,
M10,Sample X2,AM,3450,42953,1444,15707,2.6787,0.0919,
M11,Control C1,AM,3386,42626,1503,15736,2.0312,0.0955,
M12,Control C2,AM,3511,43647,1545,16193,4.1314,0.0954,
N09,Sample X2,AM,3525,43968,1494,15964,4.8253,0.0936,
N10,Sample X2,AM,3363,43036,1409,15552,4.1335,0.0906,
N11,Control C3,AM,3322,42887,1460,15881,4.2496,0.0919,
N12,Control C4,AM,3580,44014,1578,16401,4.3201,0.0962,
O09,Blank B,AM,3376,43060,1514,15743,,0.0962,
O10,Blank B,AM,3189,42321,1481,15402,,0.0962,
O11,Sample X1,AM,3220,42459,1555,15402,4.3232,0.101,
O12,Sample X1,AM,3488,43605,1712,16084,4.2863,0.1064,
P09,Blank B,AM,3038,41481,1588,15210,,0.1044,
P10,Blank B,AM,2980,41690,1454,15231,,0.0955,
P11,Sample X1,AM,3035,41889,1446,15160,2.2483,0.0954,
P12,Sample X1,AM,3335,43092,1564,15883,5.041,0.0985,
M13,Sample X2,AN,161874,225624,78055,187679,0.9432,0.4159,
M14,Sample X2,AN,157858,221402,75113,178119,0.9402,0.4217,
M15,Control C1,AN,179198,154846,3963,166162,0.4265,0.0239,
M16,Control C2,AN,172376,149476,3742,161424,0.4113,0.0232,
N13,Sample X2,AN,146844,208945,72666,174697,0.9248,0.416,
N14,Sample X2,AN,132557,192509,66453,156310,0.8984,0.4251,
N15,Control C3,AN,163339,144978,3640,158436,0.4062,0.023,
N16,Control C4,AN,156381,139392,3566,152983,0.3873,0.0233,
O13,Blank B,AN,10564,82865,5323,167701,,0.0317,
O14,Blank B,AN,9869,77664,4669,158858,,0.0294,
O15,Sample X1,AN,120985,138619,53196,125100,0.5045,0.4252,
O16,Sample X1,AN,118484,134949,51462,122186,0.4821,0.4212,
P13,Blank B,AN,11248,87457,5347,182839,,0.0292,
P14,Blank B,AN,10586,83683,4973,174125,,0.0286,
P15,Sample X1,AN,136465,154176,59839,142792,0.566,0.4191,
P16,Sample X1,AN,139120,157589,60432,147330,0.5809,0.4102,
M17,Sample X2,AO,104093,163846,54456,136503,0.8691,0.3989,
M18,Sample X2,AO,98543,157393,51611,127050,0.8505,0.4062,
M19,Control C1,AO,147527,133828,5525,133913,0.3732,0.0413,
M20,Control C2,AO,147043,133495,5292,131990,0.372,0.0401,
N17,Sample X2,AO,96426,155807,53540,133007,0.8531,0.4025,
N18,Sample X2,AO,92962,152270,51828,127094,0.846,0.4078,
N19,Control C3,AO,145692,134284,5166,139311,0.3816,0.0371,
N20,Control C4,AO,139516,129936,5121,132891,0.3661,0.0385,
O17,Blank B,AO,9949,76419,5930,147874,,0.0401,
O18,Blank B,AO,10144,77993,5871,152153,,0.0386,
O19,Sample X1,AO,154091,154892,65202,163956,0.5031,0.3977,
O20,Sample X1,AO,158893,158140,67671,168941,0.5088,0.4006,
P17,Blank B,AO,11673,88036,6750,185146,,0.0365,
P18,Blank B,AO,11800,88919,6968,188808,,0.0369,
P19,Sample X1,AO,166788,168142,71073,186263,0.5472,0.3816,
P20,Sample X1,AO,165000,166696,71561,187002,0.5441,0.3827,
M21,Sample X2,AP,130150,188206,62067,142700,0.9069,0.4349,
M22,Sample X2,AP,128527,185154,60851,139536,0.8936,0.4361,
M23,Control C1,AP,145692,128387,4333,136317,0.3623,0.0318,
M24,Control C2,AP,149488,130390,4209,137962,0.3668,0.0305,
N21,Sample X2,AP,122500,181062,61180,142838,0.9051,0.4283,
N22,Sample X2,AP,117354,174423,59266,137850,0.8866,0.4299,
N23,Control C3,AP,149898,134066,4413,144461,0.392,0.0305,
N24,Control C4,AP,148999,132684,4471,144490,0.3846,0.0309,
O21,Blank B,AP,9804,78018,3856,176597,,0.0218,
O22,Blank B,AP,9507,75832,3526,170634,,0.0207,
O23,Sample X1,AP,117278,143557,62647,124028,0.5996,0.5051,
O24,Sample X1,AP,122386,149135,66867,133120,0.622,0.5023,
P21,Blank B,AP,10120,80264,4154,187395,,0.0222,
P22,Blank B,AP,10450,82752,4202,192981,,0.0218,
P23,Sample X1,AP,139770,170296,74728,153884,0.7017,0.4856,
P24,Sample X1,AP,141736,172438,75103,155235,0.7075,0.4838,
M25,Sample X2,AQ,122303,180357,58073,142693,0.8294,0.407,
M26,Sample X2,AQ,139287,200878,65294,163411,0.88,0.3996,
M27,Control C1,AQ,199047,168538,3975,177946,0.4253,0.0223,
M28,Control C2,AQ,231714,197645,4682,218124,0.4946,0.0215,
N25,Sample X2,AQ,113161,174463,58939,145763,0.8461,0.4043,
N26,Sample X2,AQ,132819,196982,66983,167474,0.8949,0.4,
N27,Control C3,AQ,194719,168679,3922,184142,0.4362,0.0213,
N28,Control C4,AQ,242227,208131,4846,234236,0.5176,0.0207,
O25,Blank B,AQ,11036,82411,10063,151202,,0.0666,
O26,Blank B,AQ,12153,88591,10452,170711,,0.0612,
O27,Sample X1,AQ,161122,181835,81827,169624,0.623,0.4824,
O28,Sample X1,AQ,194883,215261,93641,204700,0.6909,0.4575,
P25,Blank B,AQ,12358,88888,10291,176895,,0.0582,
P26,Blank B,AQ,13574,96536,10966,197840,,0.0554,
P27,Sample X1,AQ,180204,198805,86801,189617,0.6533,0.4578,
P28,Sample X1,AQ,209948,228106,93659,219548,0.7032,0.4266,
M29,Sample X2,AR,4276,47355,1619,16647,4.4663,0.0973,
M30,Sample X2,AR,4036,45788,1613,16327,3.6951,0.0988,
M31,Control C1,AR,3792,44557,1549,15972,2.8675,0.097,
M32,Control C2,AR,3516,43528,1459,15689,0.9201,0.093,
N29,Sample X2,AR,3990,45955,1567,16509,4.2605,0.0949,
N30,Sample X2,AR,3657,44563,1512,15877,4.3622,0.0952,
N31,Control C3,AR,3359,42964,1486,15442,12.9071,0.0962,
N32,Control C4,AR,3172,42065,1412,15094,6.0845,0.0935,
O29,Blank B,AR,3733,44771,1561,16123,,0.0968,
O30,Blank B,AR,3338,43003,1463,15248,,0.0959,
O31,Sample X1,AR,3051,41932,1455,14942,4.3258,0.0974,
O32,Sample X1,AR,2887,40730,1418,14774,5.2973,0.096,
P29,Blank B,AR,3444,43893,1539,15567,,0.0989,
P30,Blank B,AR,3061,41996,1507,15090,,0.0999,
P31,Sample X1,AR,2798,40934,1490,14597,4.164,0.1021,
P32,Sample X1,AR,2682,40139,1464,14550,4.6022,0.1006,
M33,Sample X2,AS,3352,60118,1474,45190,32.5077,0.0326,
M34,Sample X2,AS,3302,42393,1472,15215,3.169,0.0967,
M35,Control C1,AS,3471,43500,1550,15509,3.9652,0.0999,
M36,Control C2,AS,3797,44833,1699,16300,4.0038,0.1042,
N33,Sample X2,AS,3044,41472,1430,15072,2.8134,0.0949,
N34,Sample X2,AS,3097,41803,1413,14983,3.3425,0.0943,
N35,Control C3,AS,3296,42793,1444,15577,3.941,0.0927,
N36,Control C4,AS,3700,45093,1602,16163,4.6887,0.0991,
O33,Blank B,AS,2795,40831,1369,14598,,0.0938,
O34,Blank B,AS,2891,41141,1418,14835,,0.0956,
O35,Sample X1,AS,3116,42304,1480,15297,4.5486,0.0968,
O36,Sample X1,AS,3566,44715,1673,16088,4.9966,0.104,
P33,Blank B,AS,2619,40105,1466,14429,,0.1016,
P34,Blank B,AS,2708,40539,1390,14538,,0.0956,
P35,Sample X1,AS,2927,42007,1458,14924,7.7871,0.0977,
P36,Sample X1,AS,3371,43773,1692,15871,5.049,0.1066,
M37,Sample X2,AT,190722,250587,82046,206915,0.7521,0.3965,
M38,Sample X2,AT,185110,246468,78420,200810,0.7527,0.3905,
M39,Control C1,AT,185910,177540,12749,177072,0.344,0.072,
M40,Control C2,AT,226603,217109,15141,222840,0.4653,0.0679,
N37,Sample X2,AT,182080,243883,82133,208473,0.7508,0.394,
N38,Sample X2,AT,184668,245580,81544,205481,0.7494,0.3968,
N39,Control C3,AT,185948,176606,12465,181341,0.3384,0.0687,
N40,Control C4,AT,230521,217130,15170,229064,0.4569,0.0662,
O37,Blank B,AT,16079,120309,19982,185643,,0.1076,
O38,Blank B,AT,14707,112646,17535,176095,,0.0996,
O39,Sample X1,AT,177350,192146,84105,192094,0.4526,0.4378,
O40,Sample X1,AT,208741,229132,94092,222823,0.5706,0.4223,
P37,Blank B,AT,16297,121491,19599,194213,,0.1009,
P38,Blank B,AT,16092,121662,18787,195056,,0.0963,
P39,Sample X1,AT,185141,203514,87530,200636,0.4989,0.4363,
P40,Sample X1,AT,215132,236685,92887,228914,0.5902,0.4058,
M41,Sample X2,AU,3449,43852,1560,15797,2.9049,0.0988,
M42,Sample X2,AU,3018,41904,1378,15017,-41.2857,0.0918,
M43,Control C1,AU,2659,40265,1377,14467,6.6693,0.0952,
M44,Control C2,AU,2456,39601,1395,14196,5.4064,0.0983,
N41,Sample X2,AU,3420,43703,1535,15914,2.7499,0.0965,
N42,Sample X2,AU,2939,41823,1436,15133,11.5613,0.0949,
N43,Control C3,AU,2626,40407,1389,14586,5.707,0.0952,
N44,Control C4,AU,2372,39733,1330,14052,4.4764,0.0946,
O41,Blank B,AU,3305,43755,1514,15821,,0.0957,
O42,Blank B,AU,2830,41995,1396,15073,,0.0926,
O43,Sample X1,AU,2521,40495,1398,14655,4.279,0.0954,
O44,Sample X1,AU,2332,39573,1427,14219,4.448,0.1004,
P41,Blank B,AU,3140,43154,1595,15530,,0.1027,
P42,Blank B,AU,2734,41313,1441,14830,,0.0972,
P43,Sample X1,AU,2432,40362,1402,14396,3.8444,0.0974,
P44,Sample X1,AU,2289,39876,1422,14112,3.755,0.1008,
M45,Sample X2,AV,2299,38966,1475,13843,-4.8916,0.1066,
M46,Sample X2,AV,2214,38980,1276,13645,-13.1333,0.0935,
M47,Control C1,AV,2181,39376,1399,13514,-15.5079,0.1035,
M48,Control C2,AV,2157,39273,1464,13532,42.0909,0.1082,
N45,Sample X2,AV,2256,39163,1383,13880,-5.0386,0.0996,
N46,Sample X2,AV,2151,39503,1421,13620,8.2281,0.1043,
N47,Control C3,AV,2123,39532,1419,13649,2.0888,0.104,
N48,Control C4,AV,2111,39753,1516,13609,-2.447,0.1114,
O45,Blank B,AV,2204,39377,1403,13958,,0.1005,
O46,Blank B,AV,2132,39365,1435,13780,,0.1041,
O47,Sample X1,AV,2106,39525,1532,13656,1.6076,0.1122,
O48,Sample X1,AV,2109,40025,1454,13624,-7.1956,0.1067,
P45,Blank B,AV,2192,39973,1500,14018,,0.107,
P46,Blank B,AV,2133,39766,1417,13817,,0.1026,
P47,Sample X1,AV,2107,40072,1438,13625,-7.7554,0.1055,
P48,Sample X1,AV,2133,40684,1548,13577,-32.9845,0.114,
Q01,Sample X2,AW,3204,43300,1464,15594,3.258,0.0939,
Q02,Sample X2,AW,3349,44326,1556,15637,3.8134,0.0995,
Q03,Control C1,AW,3417,44482,1427,15740,3.7164,0.0907,
Q04,Control C2,AW,3419,44478,1594,15841,3.7056,0.1006,
R01,Sample X2,AW,2761,41988,1432,14943,3.5792,0.0958,
R02,Sample X2,AW,2818,42413,1465,15141,4.0537,0.0968,
R03,Control C3,AW,2867,42001,1410,15212,2.8674,0.0927,
R04,Control C4,AW,2905,41838,1456,15072,2.3754,0.0966,
S01,Blank B,AW,2431,40821,1504,14488,,0.1038,
S02,Blank B,AW,2447,40798,1456,14571,,0.0999,
S03,Sample X1,AW,2505,41235,1392,14444,4.6481,0.0964,
S04,Sample X1,AW,2520,40811,1432,14661,1.7049,0.0977,
T01,Blank B,AW,2254,40094,1412,14166,,0.0997,
T02,Blank B,AW,2277,40387,1401,14261,,0.0982,
T03,Sample X1,AW,2302,40749,1427,14292,-4.4577,0.0998,
T04,Sample X1,AW,2304,40368,1442,14360,3.2539,0.1004,
Q05,Sample X2,AX,3347,44007,1480,15999,3.7668,0.0925,
Q06,Sample X2,AX,3279,43697,1553,15888,3.7065,0.0977,
Q07,Control C1,AX,3221,43300,1621,15605,3.4885,0.1039,
Q08,Control C2,AX,3071,42352,1521,15505,2.8682,0.0981,
R05,Sample X2,AX,2870,41988,1433,15247,3.3075,0.094,
R06,Sample X2,AX,2799,41367,1478,15101,2.3719,0.0979,
R07,Control C3,AX,2733,41248,1431,14897,2.4802,0.0961,
R08,Control C4,AX,2666,40660,1459,14681,0.9723,0.0994,
S05,Blank B,AX,2538,40590,1415,14731,,0.0961,
S06,Blank B,AX,2468,40940,1439,14599,,0.0986,
S07,Sample X1,AX,2449,40138,1443,14560,-3.9841,0.0991,
S08,Sample X1,AX,2385,40122,1444,14367,212.8,0.1005,
T05,Blank B,AX,2285,40058,1390,14177,,0.098,
T06,Blank B,AX,2254,39964,1424,14137,,0.1007,
T07,Sample X1,AX,2258,39588,1472,14171,6.2378,0.1039,
T08,Sample X1,AX,2231,39614,1467,14014,4.9855,0.1047,
Q09,Sample X2,AY,2839,41519,1486,14828,3.2093,0.1002,
Q10,Sample X2,AY,2755,40807,1466,14887,2.2871,0.0985,
Q11,Control C1,AY,2790,41218,1492,14923,2.9301,0.1,
Q12,Control C2,AY,2991,41816,1515,15256,2.9427,0.0993,
R09,Sample X2,AY,2564,40702,1414,14501,3.4364,0.0975,
R10,Sample X2,AY,2514,40343,1407,14374,2.6524,0.0979,
R11,Control C3,AY,2555,40466,1397,14590,2.7033,0.0958,
R12,Control C4,AY,2664,40838,1498,14695,2.9023,0.1019,
S09,Blank B,AY,2352,39672,1467,14277,,0.1028,
S10,Blank B,AY,2322,39737,1464,14224,,0.1029,
S11,Sample X1,AY,2367,39523,1492,14086,-2.0354,0.1059,
S12,Sample X1,AY,2412,40057,1472,14287,2.5393,0.103,
T09,Blank B,AY,2220,39804,1451,13965,,0.1039,
T10,Blank B,AY,2207,39626,1450,14047,,0.1032,
T11,Sample X1,AY,2222,39667,1431,13945,0.8028,0.1026,
T12,Sample X1,AY,2262,39612,1495,13915,7.3774,0.1074,
Q13,Sample X2,AZ,3252,43270,1567,15665,3.6428,0.1,
Q14,Sample X2,AZ,3388,43874,1674,16014,3.755,0.1045,
Q15,Control C1,AZ,3507,44733,1663,16141,4.1344,0.103,
Q16,Control C2,AZ,3555,44949,1664,16177,4.1498,0.1029,
R13,Sample X2,AZ,2771,41333,1493,14873,3.1155,0.1004,
R14,Sample X2,AZ,2883,41642,1492,14980,3.0292,0.0996,
R15,Control C3,AZ,2982,42390,1501,15364,3.8272,0.0977,
R16,Control C4,AZ,3002,42696,1544,15505,4.2218,0.0996,
S13,Blank B,AZ,2499,40225,1459,14467,,0.1009,
S14,Blank B,AZ,2561,40702,1450,14560,,0.0996,
S15,Sample X1,AZ,2598,41036,1516,14588,4.4789,0.1039,
S16,Sample X1,AZ,2644,41058,1429,15005,3.6555,0.0952,
T13,Blank B,AZ,2302,40099,1451,14132,,0.1027,
T14,Blank B,AZ,2320,39938,1544,14282,,0.1081,
T15,Sample X1,AZ,2371,40225,1397,14393,0.3232,0.0971,
T16,Sample X1,AZ,2386,40348,1450,14398,-3.1014,0.1007,
A05,Sample X2,B,2399,37710,1278,13509,4.1819,0.0946,
A06,Sample X2,B,2630,38911,1284,13558,3.8446,0.0947,
A07,Control C1,B,2953,40217,1277,14058,3.6727,0.0908,
A08,Control C2,B,3430,42052,1428,14528,4.4758,0.0983,
B05,Sample X2,B,2641,38641,1235,13600,4.3001,0.0908,
B06,Sample X2,B,2930,40149,1279,14030,3.6311,0.0912,
B07,Control C3,B,3278,41316,1313,14492,5.6237,0.0906,
B08,Control C4,B,3816,44000,1406,14725,4.9259,0.0955,
C05,Blank B,B,2960,39703,1224,13943,,0.0878,
C06,Blank B,B,3203,40829,1399,14415,,0.0971,
C07,Sample X1,B,3581,42491,1334,14661,3.5452,0.091,
C08,Sample X1,B,4161,45524,1406,15130,4.7157,0.0929,
D05,Blank B,B,3464,42563,1339,14720,,0.091,
D06,Blank B,B,3679,43260,1322,14905,,0.0887,
D07,Sample X1,B,3970,44496,1344,15290,4.5179,0.0879,
D08,Sample X1,B,4462,46807,1431,15788,4.5956,0.0906,
Q17,Sample X2,BA,3591,44997,1651,16309,4.0048,0.1012,
Q18,Sample X2,BA,3584,44817,1667,16469,3.8587,0.1012,
Q19,Control C1,BA,3587,45410,1659,16747,4.416,0.0991,
Q20,Control C2,BA,3586,44880,1624,16481,3.9117,0.0985,
R17,Sample X2,BA,3042,42458,1477,15536,3.3216,0.0951,
R18,Sample X2,BA,3048,42740,1508,15455,3.8413,0.0976,
R19,Control C3,BA,3057,42907,1515,15656,4.0994,0.0968,
R20,Control C4,BA,3056,42645,1451,15683,3.5959,0.0925,
S17,Blank B,BA,2664,41336,1543,14859,,0.1038,
S18,Blank B,BA,2674,41358,1529,14949,,0.1023,
S19,Sample X1,BA,2710,41105,1426,14894,1.8165,0.0957,
S20,Sample X1,BA,2694,41128,1454,15133,2.1631,0.0961,
T17,Blank B,BA,2417,40178,1482,14470,,0.1024,
T18,Blank B,BA,2420,40340,1443,14352,,0.1005,
T19,Sample X1,BA,2416,40491,1439,14535,2.4423,0.099,
T20,Sample X1,BA,2424,40049,1553,14521,6.2965,0.1069,
Q21,Sample X2,BB,3586,45104,1694,16777,4.0967,0.101,
Q22,Sample X2,BB,3602,45028,1662,16525,3.9626,0.1006,
Q23,Control C1,BB,3620,45173,1548,16550,4.0312,0.0935,
Q24,Control C2,BB,3589,44885,1614,16533,3.8748,0.0976,
R21,Sample X2,BB,3018,42663,1529,15639,3.8546,0.0978,
R22,Sample X2,BB,3036,42629,1474,15732,3.6433,0.0937,
R23,Control C3,BB,3036,42585,1523,15665,3.5534,0.0972,
R24,Control C4,BB,3041,42583,1507,15465,3.5134,0.0974,
S21,Blank B,BB,2665,41410,1522,15023,,0.1013,
S22,Blank B,BB,2678,41041,1397,14954,,0.0934,
S23,Sample X1,BB,2658,41083,1482,15038,2.1258,0.0986,
S24,Sample X1,BB,2683,41420,1462,14992,4.2092,0.0975,
T21,Blank B,BB,2413,40366,1377,14503,,0.0949,
T22,Blank B,BB,2431,40569,1497,14559,,0.1028,
T23,Sample X1,BB,2422,40362,1499,14448,3.8838,0.1038,
T24,Sample X1,BB,2423,40591,1378,14449,2.0646,0.0954,
Q25,Sample X2,BC,3603,45007,1580,16220,3.9736,0.0974,
Q26,Sample X2,BC,3596,45151,1634,16138,4.135,0.1013,
Q27,Control C1,BC,3609,45088,1610,15747,4.0267,0.1022,
Q28,Control C2,BC,3427,44177,1561,15541,3.8277,0.1004,
R25,Sample X2,BC,3074,42510,1477,15376,3.2456,0.0961,
R26,Sample X2,BC,3014,42504,1470,15431,3.6368,0.0953,
R27,Control C3,BC,2987,42374,1474,15211,3.567,0.0969,
R28,Control C4,BC,2861,41837,1514,14871,3.3012,0.1018,
S25,Blank B,BC,2687,41055,1479,14878,,0.0994,
S26,Blank B,BC,2638,41378,1448,14753,,0.0981,
S27,Sample X1,BC,2611,40946,1473,14718,2.4748,0.1001,
S28,Sample X1,BC,2532,41101,1437,14480,703.5,0.0992,
T25,Blank B,BC,2400,40067,1439,14345,,0.1003,
T26,Blank B,BC,2401,40497,1436,14342,,0.1001,
T27,Sample X1,BC,2353,40368,1497,14177,2.1359,0.1056,
T28,Sample X1,BC,2314,40403,1451,14185,1.592,0.1023,
Q29,Sample X2,BD,3074,42618,1457,14870,3.1952,0.098,
Q30,Sample X2,BD,2750,41199,1390,14622,2.3007,0.0951,
Q31,Control C1,BD,2576,40296,1444,14361,0.3294,0.1006,
Q32,Control C2,BD,2465,39813,1420,14175,-2.7708,0.1002,
R29,Sample X2,BD,2698,41137,1470,14522,2.4536,0.1012,
R30,Sample X2,BD,2538,40392,1400,14279,0.8295,0.098,
R31,Control C3,BD,2389,39610,1425,13940,-8.8529,0.1022,
R32,Control C4,BD,2366,39674,1437,13872,-11.9556,0.1036,
S29,Blank B,BD,2428,40365,1464,14331,,0.1022,
S30,Blank B,BD,2363,40209,1484,14126,,0.1051,
S31,Sample X1,BD,2273,39990,1432,14109,4.625,0.1015,
S32,Sample X1,BD,2222,39536,1471,14024,6.8283,0.1049,
T29,Blank B,BD,2267,40100,1470,14035,,0.1047,
T30,Blank B,BD,2226,40174,1425,13952,,0.1021,
T31,Sample X1,BD,2197,39768,1475,13852,3.5806,0.1065,
T32,Sample X1,BD,2172,39842,1497,13844,2.4832,0.1081,
Q33,Sample X2,BE,2440,39848,1420,14283,0.272,0.0994,
Q34,Sample X2,BE,2517,40396,1378,14386,1.9545,0.0958,
Q35,Control C1,BE,2690,41155,1452,14462,2.8201,0.1004,
Q36,Control C2,BE,2999,42609,1519,15314,3.5527,0.0992,
R33,Sample X2,BE,2324,39460,1498,14086,-2.6923,0.1063,
R34,Sample X2,BE,2371,39728,1453,14175,-0.3333,0.1025,
R35,Control C3,BE,2502,40243,1433,14334,1.5398,0.1,
R36,Control C4,BE,2621,41247,1444,14547,3.5069,0.0993,
S33,Blank B,BE,2235,39817,1435,13703,,0.1047,
S34,Blank B,BE,2246,39703,1408,14037,,0.1003,
S35,Sample X1,BE,2328,40224,1397,14216,3.5433,0.0983,
S36,Sample X1,BE,2383,40551,1451,14266,4.2803,0.1017,
T33,Blank B,BE,2154,39569,1471,13836,,0.1063,
T34,Blank B,BE,2180,40046,1564,13972,,0.1119,
T35,Sample X1,BE,2227,40197,1431,14045,17.7742,0.1019,
T36,Sample X1,BE,2267,40528,1470,14171,11.7668,0.1037,
Q37,Sample X2,BF,3269,43987,1590,15497,3.6204,0.1026,
Q38,Sample X2,BF,3408,44849,1635,15885,3.9792,0.1029,
Q39,Control C1,BF,3364,44488,1585,15720,3.7847,0.1008,
Q40,Control C2,BF,3190,44152,1496,15556,4.1973,0.0962,
R37,Sample X2,BF,2773,41929,1451,14973,2.9013,0.0969,
R38,Sample X2,BF,2827,42009,1475,15245,2.7182,0.0968,
R39,Control C3,BF,2821,42196,1506,15027,3.2108,0.1002,
R40,Control C4,BF,2704,41883,1444,15115,3.4227,0.0955,
S37,Blank B,BF,2517,41212,1528,14565,,0.1049,
S38,Blank B,BF,2504,41458,1517,14676,,0.1034,
S39,Sample X1,BF,2501,41301,1390,14681,4.6388,0.0947,
S40,Sample X1,BF,2462,41314,1486,14669,8.2465,0.1013,
T37,Blank B,BF,2288,40437,1479,14273,,0.1036,
T38,Blank B,BF,2324,40376,1416,14524,,0.0975,
T39,Sample X1,BF,2323,40861,1478,14360,0.1144,0.1029,
T40,Sample X1,BF,2289,40909,1470,14243,-0.3208,0.1032,
Q41,Sample X2,BG,2831,42090,1509,14995,2.2337,0.1006,
Q42,Sample X2,BG,2550,41201,1509,14585,1.2843,0.1035,
Q43,Control C1,BG,2341,40546,1437,14302,-4.5509,0.1005,
Q44,Control C2,BG,2240,40063,1434,14002,22.5755,0.1024,
R41,Sample X2,BG,2563,41169,1446,14939,1.1154,0.0968,
R42,Sample X2,BG,2410,40509,1378,14583,-2.5028,0.0945,
R43,Control C3,BG,2284,40423,1458,14184,-45.8919,0.1028,
R44,Control C4,BG,2182,40440,1449,14083,4.3935,0.1029,
S41,Blank B,BG,2393,41015,1486,14434,,0.103,
S42,Blank B,BG,2275,40796,1459,14308,,0.102,
S43,Sample X1,BG,2225,40835,1485,14204,0.2513,0.1045,
S44,Sample X1,BG,2187,40484,1531,14143,4.1425,0.1083,
T41,Blank B,BG,2235,40821,1478,14174,,0.1043,
T42,Blank B,BG,2196,40758,1435,14246,,0.1007,
T43,Sample X1,BG,2188,40896,1532,14054,-0.5591,0.109,
T44,Sample X1,BG,2139,40760,1455,14183,0.6446,0.1026,
Q45,Sample X2,BH,2171,40004,1497,13920,-21.0111,0.1075,
Q46,Sample X2,BH,2126,40139,1382,13825,n.a.,0.1,
Q47,Control C1,BH,2120,40682,1548,13809,44.5833,0.1121,
Q48,Control C2,BH,2109,40915,1539,13755,2.0294,0.1119,
R45,Sample X2,BH,2151,40502,1453,13832,-17.9,0.105,
R46,Sample X2,BH,2127,40543,1460,13915,-406.5,0.1049,
R47,Control C3,BH,2112,40519,1380,13682,30.75,0.1009,
R48,Control C4,BH,2122,41195,1486,13855,-61.375,0.1073,
S45,Blank B,BH,2115,40784,1531,13966,,0.1096,
S46,Blank B,BH,2119,40799,1420,13719,,0.1035,
S47,Sample X1,BH,2132,41042,1526,13917,15.4167,0.1097,
S48,Sample X1,BH,2136,41422,1433,13926,47.25,0.1029,
T45,Blank B,BH,2132,40815,1468,13785,,0.1065,
T46,Blank B,BH,2138,41400,1476,13828,,0.1067,
T47,Sample X1,BH,2140,41443,1489,13946,35.25,0.1068,
T48,Sample X1,BH,2151,41851,1561,14006,36.06,0.1115,
U01,Sample X2,BI,2170,40374,1493,13964,-7.7995,0.1069,
U02,Sample X2,BI,2160,40272,1422,14077,-9.6992,0.101,
U03,Control C1,BI,2160,40300,1387,13949,-9.4037,0.0994,
U04,Control C2,BI,2164,39882,1485,13949,-13.2557,0.1065,
V01,Sample X2,BI,2086,40964,1454,13762,-10.9398,0.1057,
V02,Sample X2,BI,2090,40477,1507,13842,-28.8485,0.1089,
V03,Control C3,BI,2136,40418,1476,13829,-10.9258,0.1067,
V04,Control C4,BI,2109,40434,1476,13852,-17.3029,0.1066,
W01,Blank B,BI,2077,41022,1496,13753,,0.1088,
W02,Blank B,BI,2057,40756,1500,13736,,0.1092,
W03,Sample X1,BI,2093,40611,1458,13776,-20.9009,0.1058,
W04,Sample X1,BI,2078,40505,1478,13774,-53.8039,0.1073,
X01,Blank B,BI,2062,41642,1477,13847,,0.1067,
X02,Blank B,BI,2065,41344,1568,13861,,0.1131,
X03,Sample X1,BI,2055,41153,1496,13815,3.7073,0.1083,
X04,Sample X1,BI,2071,40745,1491,13856,-77.5652,0.1076,
U05,Sample X2,BJ,2168,40000,1437,13895,-8.273,0.1034,
U06,Sample X2,BJ,2162,39767,1424,13882,-11.3451,0.1026,
U07,Control C1,BJ,2128,39912,1434,13836,-15.4957,0.1036,
U08,Control C2,BJ,2137,39681,1477,13683,-16.8619,0.1079,
V05,Sample X2,BJ,2087,40163,1464,13932,-38.1029,0.1051,
V06,Sample X2,BJ,2113,40207,1462,13746,-14.0407,0.1064,
V07,Control C3,BJ,2099,39881,1500,13794,-32.0603,0.1087,
V08,Control C4,BJ,2074,39788,1496,13596,-255.6875,0.11,
W05,Blank B,BJ,2071,40766,1423,13707,,0.1038,
W06,Blank B,BJ,2071,40571,1427,13808,,0.1033,
W07,Sample X1,BJ,2072,40423,1487,13650,-193.875,0.1089,
W08,Sample X1,BJ,2049,40243,1454,13596,27.0357,0.1069,
X05,Blank B,BJ,2068,41183,1391,13772,,0.101,
X06,Blank B,BJ,2070,40723,1395,13863,,0.1006,
X07,Sample X1,BJ,2098,41197,1527,13809,13.7946,0.1106,
X08,Sample X1,BJ,2105,41012,1528,13713,5.75,0.1114,
U09,Sample X2,BK,2120,39894,1492,13636,-9.8846,0.1094,
U10,Sample X2,BK,2137,39793,1545,13675,-8.812,0.113,
U11,Control C1,BK,2148,39564,1487,13698,-10.6088,0.1086,
U12,Control C2,BK,2155,39848,1448,13977,-6.1584,0.1036,
V09,Sample X2,BK,2096,39667,1508,13725,-31.4767,0.1099,
V10,Sample X2,BK,2125,40217,1486,13624,-2.5099,0.1091,
V11,Control C3,BK,2118,39536,1476,13647,-18.569,0.1082,
V12,Control C4,BK,2113,39742,1497,13722,-15.6299,0.1091,
W09,Blank B,BK,2072,40266,1416,13645,,0.1038,
W10,Blank B,BK,2080,40051,1582,13616,,0.1162,
W11,Sample X1,BK,2109,40048,1464,13796,-8.5725,0.1061,
W12,Sample X1,BK,2089,39920,1476,13741,-29.2241,0.1074,
X09,Blank B,BK,2069,40495,1409,13593,,0.1037,
X10,Blank B,BK,2077,40563,1500,13802,,0.1087,
X11,Sample X1,BK,2087,40911,1455,13809,45.38,0.1054,
X12,Sample X1,BK,2070,40822,1450,13704,-106.2778,0.1058,
U13,Sample X2,BL,2197,39786,1404,13775,-12.2174,0.1019,
U14,Sample X2,BL,2216,39780,1452,13929,-10.2805,0.1042,
U15,Control C1,BL,2213,40092,1427,13885,-7.8088,0.1028,
U16,Control C2,BL,2246,40043,1470,14063,-6.3867,0.1045,
V13,Sample X2,BL,2121,40165,1512,13748,-37.4828,0.11,
V14,Sample X2,BL,2150,39786,1504,13888,-23.532,0.1083,
V15,Control C3,BL,2168,40171,1530,13875,-11.7709,0.1103,
V16,Control C4,BL,2170,40096,1436,14048,-12.4982,0.1022,
W13,Blank B,BL,2094,40458,1477,13752,,0.1074,
W14,Blank B,BL,2108,42211,1442,16276,,0.0886,
W15,Sample X1,BL,2104,40420,1442,13749,-117.9474,0.1049,
W16,Sample X1,BL,2115,40323,1431,13657,-41.7302,0.1048,
X13,Blank B,BL,2091,40814,1398,13741,,0.1017,
X14,Blank B,BL,2104,40438,1452,13828,,0.105,
X15,Sample X1,BL,2093,40542,1440,13799,70.12,0.1044,
X16,Sample X1,BL,2091,40868,1460,13789,13.6061,0.1059,
U17,Sample X2,BM,2246,40103,1416,14019,-4.5962,0.101,
U18,Sample X2,BM,2261,40157,1534,14215,-3.6735,0.1079,
U19,Control C1,BM,2266,39920,1407,14204,-5.255,0.0991,
U20,Control C2,BM,2264,40170,1402,14210,-3.4972,0.0987,
V17,Sample X2,BM,2149,40004,1473,13820,-30.2353,0.1066,
V18,Sample X2,BM,2171,40231,1451,13980,-9.6069,0.1038,
V19,Control C3,BM,2177,40026,1442,13998,-12.599,0.103,
V20,Control C4,BM,2186,40307,1505,13996,-5.8283,0.1075,
W17,Blank B,BM,2121,40497,1475,13761,,0.1072,
W18,Blank B,BM,2130,40479,1546,13762,,0.1123,
W19,Sample X1,BM,2131,40371,1528,13882,-84.7692,0.1101,
W20,Sample X1,BM,2111,40477,1500,13703,10.1194,0.1095,
X17,Blank B,BM,2131,40844,1433,13658,,0.1049,
X18,Blank B,BM,2129,40766,1403,13740,,0.1021,
X19,Sample X1,BM,2114,40602,1492,13840,3.2364,0.1078,
X20,Sample X1,BM,2121,40759,1552,13819,-16.6667,0.1123,
U21,Sample X2,BN,2299,39599,1540,14185,-4.792,0.1086,
U22,Sample X2,BN,2253,40280,1497,14187,-1.393,0.1055,
U23,Control C1,BN,2267,40137,1465,14152,-2.2191,0.1035,
U24,Control C2,BN,2262,40319,1463,14044,-1.0363,0.1042,
V21,Sample X2,BN,2187,40433,1437,13865,-0.5144,0.1036,
V22,Sample X2,BN,2179,40289,1457,13964,-2.9228,0.1043,
V23,Control C3,BN,2182,40277,1481,14011,-2.9729,0.1057,
V24,Control C4,BN,2184,40039,1510,14051,-6.4624,0.1075,
W21,Blank B,BN,2131,40167,1495,13731,,0.1089,
W22,Blank B,BN,2110,40575,1454,13934,,0.1043,
W23,Sample X1,BN,2123,40369,1570,13708,-18.1364,0.1145,
W24,Sample X1,BN,2134,40442,1445,13742,-1.6212,0.1052,
X21,Blank B,BN,2113,40256,1498,13917,,0.1076,
X22,Blank B,BN,2116,40877,1552,13713,,0.1132,
X23,Sample X1,BN,2117,40832,1500,13861,-726.5,0.1082,
X24,Sample X1,BN,2137,41011,1495,13727,27.8077,0.1089,
U25,Sample X2,BO,2265,40152,1510,14077,-5.1341,0.1073,
U26,Sample X2,BO,2260,40198,1469,14070,-4.9812,0.1044,
U27,Control C1,BO,2233,40049,1496,14093,-7.6557,0.1062,
U28,Control C2,BO,2217,40554,1452,13936,-3.4056,0.1042,
V25,Sample X2,BO,2185,40427,1501,13875,-7.4741,0.1082,
V26,Sample X2,BO,2190,40395,1517,14012,-7.3889,0.1083,
V27,Control C3,BO,2157,40452,1486,13897,-13.6167,0.1069,
V28,Control C4,BO,2178,40383,1465,13704,-9.3627,0.1069,
W25,Blank B,BO,2129,40548,1483,13761,,0.1078,
W26,Blank B,BO,2126,40638,1539,13796,,0.1116,
W27,Sample X1,BO,2153,41086,1467,13781,8.6731,0.1065,
W28,Sample X1,BO,2120,40288,1459,13758,81.7857,0.106,
X25,Blank B,BO,2139,41230,1506,13938,,0.108,
X26,Blank B,BO,2114,41026,1451,13792,,0.1052,
X27,Sample X1,BO,2118,40945,1549,13794,-9.3889,0.1123,
X28,Sample X1,BO,2126,41029,1527,13858,-168.5,0.1102,
U29,Sample X2,BP,2187,40366,1473,13812,-8.7319,0.1066,
U30,Sample X2,BP,2194,40129,1395,13754,-11.0461,0.1014,
U31,Control C1,BP,2156,39835,1466,13867,-29.8289,0.1057,
U32,Control C2,BP,2134,40111,1442,13826,-53.5938,0.1043,
V29,Sample X2,BP,2147,40437,1456,13800,-18.3276,0.1055,
V30,Sample X2,BP,2150,40503,1527,13742,-14.5469,0.1111,
V31,Control C3,BP,2108,40634,1476,13762,33.45,0.1073,
V32,Control C4,BP,2117,40531,1460,13793,437.5,0.1059,
W29,Blank B,BP,2132,40912,1426,13640,,0.1045,
W30,Blank B,BP,2113,40518,1503,13696,,0.1097,
W31,Sample X1,BP,2103,40809,1447,13759,10.6333,0.1052,
W32,Sample X1,BP,2110,41198,1497,13654,-28.6875,0.1096,
X29,Blank B,BP,2111,41016,1464,13825,,0.1059,
X30,Blank B,BP,2116,41428,1443,13911,,0.1037,
X31,Sample X1,BP,2172,41515,1504,14059,10.1204,0.107,
X32,Sample X1,BP,2123,40783,1433,13974,-37.1,0.1025,
U33,Sample X2,BQ,2114,40089,1423,13814,134.7895,0.103,
U34,Sample X2,BQ,2137,40283,1514,13818,-80.4815,0.1096,
U35,Control C1,BQ,2190,40484,1474,13926,-13.3158,0.1058,
U36,Control C2,BQ,2189,40616,1437,13978,-11.5038,0.1028,
V33,Sample X2,BQ,2093,40501,1500,13839,28.4754,0.1084,
V34,Sample X2,BQ,2128,40451,1432,13814,-204.1111,0.1037,
V35,Control C3,BQ,2135,40516,1460,13863,-74.2174,0.1053,
V36,Control C4,BQ,2150,40778,1411,13951,-22.3208,0.1011,
W33,Blank B,BQ,2127,41144,1522,13793,,0.1103,
W34,Blank B,BQ,2122,40990,1510,13761,,0.1097,
W35,Sample X1,BQ,2129,41088,1456,13884,-51.1818,0.1049,
W36,Sample X1,BQ,2136,41320,1535,13855,-3.96,0.1108,
X33,Blank B,BQ,2126,41622,1466,13851,,0.1058,
X34,Blank B,BQ,2119,41722,1488,13950,,0.1067,
X35,Sample X1,BQ,2134,41119,1503,14005,-23.8571,0.1073,
X36,Sample X1,BQ,2144,41388,1512,14004,0.9024,0.108,
U37,Sample X2,BR,2207,40749,1528,14077,-10.2519,0.1085,
U38,Sample X2,BR,2232,40514,1473,14161,-10.0166,0.104,
U39,Control C1,BR,2229,40596,1476,14125,-9.4229,0.1045,
U40,Control C2,BR,2200,40949,1445,14161,-8.0598,0.102,
V37,Sample X2,BR,2141,40624,1448,13931,1593,0.1039,
V38,Sample X2,BR,2150,40618,1478,13992,-94.4118,0.1056,
V39,Control C3,BR,2163,41072,1470,14195,-16.2093,0.1036,
V40,Control C4,BR,2166,41206,1434,14041,-8.7551,0.1021,
W37,Blank B,BR,2113,41165,1493,14008,,0.1066,
W38,Blank B,BR,2189,41405,1519,14059,,0.108,
W39,Sample X1,BR,2150,41584,1507,14016,19.2353,0.1075,
W40,Sample X1,BR,2146,41498,1505,14074,17.2222,0.1069,
X37,Blank B,BR,2120,41603,1521,13939,,0.1091,
X38,Blank B,BR,2144,41509,1471,13923,,0.1057,
X39,Sample X1,BR,2134,41620,1565,13923,-26.6,0.1124,
X40,Sample X1,BR,2130,41871,1466,13876,-39.1739,0.1057,
U41,Sample X2,BS,2201,40987,1503,13989,-12.4862,0.1074,
U42,Sample X2,BS,2180,41192,1473,14032,-13.8402,0.105,
U43,Control C1,BS,2156,40915,1502,14036,-47.2192,0.107,
U44,Control C2,BS,2139,41098,1474,13960,-543,0.1056,
V41,Sample X2,BS,2166,41346,1443,14102,-15.2478,0.1023,
V42,Sample X2,BS,2154,41377,1495,14063,-24.6,0.1063,
V43,Control C3,BS,2144,41807,1430,13920,4.84,0.1027,
V44,Control C4,BS,2150,41245,1495,13781,-43.4082,0.1085,
W41,Blank B,BS,2135,41435,1467,14025,,0.1046,
W42,Blank B,BS,2141,41655,1512,14137,,0.107,
W43,Sample X1,BS,2145,41785,1488,14125,1.1379,0.1053,
W44,Sample X1,BS,2152,42011,1501,13999,16.4386,0.1072,
X41,Blank B,BS,2142,41650,1532,14032,,0.1092,
X42,Blank B,BS,2133,42367,1519,14047,,0.1081,
X43,Sample X1,BS,2143,42357,1528,14110,110.5238,0.1083,
X44,Sample X1,BS,2146,42396,1483,14026,75.0606,0.1057,
U45,Sample X2,BT,2127,41212,1456,14054,33.1938,0.1036,
U46,Sample X2,BT,2125,41553,1535,13977,23.494,0.1098,
U47,Control C1,BT,2138,42144,1499,13914,13.6466,0.1077,
U48,Control C2,BT,2166,42127,1439,13914,412.75,0.1034,
V45,Sample X2,BT,2158,41739,1476,13925,88.9722,0.106,
V46,Sample X2,BT,2135,42109,1371,13942,13.4609,0.0983,
V47,Control C3,BT,2166,42216,1485,13844,323.75,0.1073,
V48,Control C4,BT,2155,42477,1523,13945,5.2292,0.1092,
W45,Blank B,BT,2173,42294,1551,14055,,0.1104,
W46,Blank B,BT,2149,42172,1473,14123,,0.1043,
W47,Sample X1,BT,2171,42550,1555,14081,2.5625,0.1104,
W48,Sample X1,BT,2165,42493,1556,14035,23.375,0.1109,
X45,Blank B,BT,2172,42658,1465,14106,,0.1039,
X46,Blank B,BT,2174,43035,1533,14081,,0.1089,
X47,Sample X1,BT,2150,43128,1609,13972,-34.6029,0.1152,
X48,Sample X1,BT,2189,43050,1486,14078,23.1932,0.1056,
Y01,Sample X2,BU,2085,41760,1507,13960,39.8365,0.108,
Y02,Sample X2,BU,2082,41701,1501,13869,37.75,0.1082,
Y03,Control C1,BU,2076,41580,1431,13839,34.7357,0.1034,
Y04,Control C2,BU,2070,41387,1551,13771,34.3598,0.1126,
Z01,Sample X2,BU,2099,42041,1462,14029,62.8958,0.1042,
Z02,Sample X2,BU,2064,42221,1530,13927,12.2287,0.1099,
Z03,Control C3,BU,2103,42107,1469,14197,86.0938,0.1035,
Z04,Control C4,BU,2079,42078,1450,14002,22.4297,0.1036,
a01,Blank B,BU,2121,42755,1467,14202,,0.1033,
a02,Blank B,BU,2100,42411,1501,13905,,0.1079,
a03,Sample X1,BU,2094,42489,1544,14209,18.0441,0.1087,
a04,Sample X1,BU,2097,42227,1483,14096,40.625,0.1052,
b01,Blank B,BU,2098,42850,1513,14252,,0.1062,
b02,Blank B,BU,2125,43167,1518,14278,,0.1063,
b03,Sample X1,BU,2109,42737,1494,14256,29.375,0.1048,
b04,Sample X1,BU,2132,42708,1531,14031,-4.1786,0.1091,
Y05,Sample X2,BV,2064,41521,1529,13845,29.4692,0.1104,
Y06,Sample X2,BV,2080,41226,1478,13858,75.9242,0.1067,
Y07,Control C1,BV,2057,41314,1509,13795,29.4873,0.1094,
Y08,Control C2,BV,2079,41150,1456,13617,75.9286,0.1069,
Z05,Sample X2,BV,2080,41771,1485,13966,42.8939,0.1063,
Z06,Sample X2,BV,2121,41862,1526,13955,-25.1735,0.1094,
Z07,Control C3,BV,2095,41437,1570,13877,694.5,0.1131,
Z08,Control C4,BV,2089,41753,1505,13892,96.7667,0.1083,
a05,Blank B,BV,2086,42510,1471,14138,,0.104,
a06,Blank B,BV,2075,42177,1442,14053,,0.1026,
a07,Sample X1,BV,2111,42132,1432,13898,-23.9138,0.103,
a08,Sample X1,BV,2093,42274,1446,13994,58.5,0.1033,
b05,Blank B,BV,2115,42549,1514,14221,,0.1065,
b06,Blank B,BV,2110,42679,1551,14079,,0.1102,
b07,Sample X1,BV,2097,42619,1493,14068,280.5,0.1061,
b08,Sample X1,BV,2112,42401,1468,13911,-5.0161,0.1055,
Y09,Sample X2,BW,2069,41121,1496,13697,25.514,0.1092,
Y10,Sample X2,BW,2093,41094,1493,13833,56.3253,0.1079,
Y11,Control C1,BW,2080,41354,1513,13701,26.9259,0.1104,
Y12,Control C2,BW,2107,41047,1429,13723,180.1111,0.1041,
Z09,Sample X2,BW,2092,42008,1544,13769,11.7126,0.1121,
Z10,Sample X2,BW,2115,41635,1597,13763,-502.2,0.116,
Z11,Control C3,BW,2103,41445,1479,13803,76.0698,0.1072,
Z12,Control C4,BW,2119,41830,1511,13792,-82.4286,0.1096,
a09,Blank B,BW,2094,42153,1421,13883,,0.1024,
a10,Blank B,BW,2122,42263,1480,13997,,0.1057,
a11,Sample X1,BW,2110,42040,1542,13919,59.4,0.1108,
a12,Sample X1,BW,2116,41964,1475,13936,-132.7778,0.1058,
b09,Blank B,BW,2121,42251,1538,14022,,0.1097,
b10,Blank B,BW,2118,42384,1538,13889,,0.1107,
b11,Sample X1,BW,2149,42273,1565,13989,0.2908,0.1119,
b12,Sample X1,BW,2135,42257,1464,13902,-0.2706,0.1053,
Y13,Sample X2,BX,2095,41236,1462,13823,33.8922,0.1058,
Y14,Sample X2,BX,2064,41334,1493,13865,13.5619,0.1077,
Y15,Control C1,BX,2094,41381,1439,13835,27.1415,0.104,
Y16,Control C2,BX,2111,41205,1535,13754,94.2368,0.1116,
Z13,Sample X2,BX,2086,41519,1410,13808,16.8478,0.1021,
Z14,Sample X2,BX,2118,41651,1506,13891,179.7,0.1084,
Z15,Control C3,BX,2122,41794,1469,13774,-204.1667,0.1067,
Z16,Control C4,BX,2130,41722,1612,13904,-39.8158,0.1159,
a13,Blank B,BX,2122,41908,1467,13787,,0.1064,
a14,Blank B,BX,2116,41706,1496,13903,,0.1076,
a15,Sample X1,BX,2132,42102,1468,13894,0.1522,0.1057,
a16,Sample X1,BX,2126,41656,1474,14046,-80.7727,0.1049,
b13,Blank B,BX,2106,42339,1530,14058,,0.1088,
b14,Blank B,BX,2138,42448,1503,14073,,0.1068,
b15,Sample X1,BX,2138,42258,1533,14043,9.0143,0.1092,
b16,Sample X1,BX,2130,42671,1489,14056,60.0789,0.1059,
Y17,Sample X2,BY,2105,41232,1505,13839,28.5496,0.1088,
Y18,Sample X2,BY,2113,41238,1403,13892,37.5354,0.101,
Y19,Control C1,BY,2125,41077,1547,13750,85.4902,0.1125,
Y20,Control C2,BY,2115,41419,1530,13780,32.8791,0.111,
Z17,Sample X2,BY,2124,41764,1497,13894,29.3091,0.1077,
Z18,Sample X2,BY,2124,41728,1472,13763,31.9273,0.107,
Z19,Control C3,BY,2106,41745,1498,13930,13.2913,0.1075,
Z20,Control C4,BY,2117,41804,1522,13827,17.494,0.1101,
a17,Blank B,BY,2126,42030,1466,13858,,0.1058,
a18,Blank B,BY,2136,41836,1580,13891,,0.1137,
a19,Sample X1,BY,2145,41999,1443,13933,-23.1724,0.1036,
a20,Sample X1,BY,2155,42295,1554,14060,7.4203,0.1105,
b17,Blank B,BY,2142,42299,1462,14013,,0.1043,
b18,Blank B,BY,2147,42503,1466,14053,,0.1043,
b19,Sample X1,BY,2132,42667,1499,14120,-86.9565,0.1062,
b20,Sample X1,BY,2158,42287,1490,14128,5.9259,0.1055,
Y21,Sample X2,BZ,2110,41003,1516,13765,29.7362,0.1101,
Y22,Sample X2,BZ,2105,41137,1473,13757,23.5574,0.1071,
Y23,Control C1,BZ,2106,41494,1509,13767,16.1061,0.1096,
Y24,Control C2,BZ,2129,41595,1455,13961,28.4943,0.1042,
Z21,Sample X2,BZ,2128,41522,1499,13871,30.4505,0.1081,
Z22,Sample X2,BZ,2152,41582,1469,13916,-506.2,0.1056,
Z23,Control C3,BZ,2150,41666,1542,13924,731.6667,0.1107,
Z24,Control C4,BZ,2130,41906,1592,14066,14.8795,0.1132,
a21,Blank B,BZ,2137,41783,1470,13906,,0.1057,
a22,Blank B,BZ,2147,42117,1550,13828,,0.1121,
a23,Sample X1,BZ,2127,42344,1573,13801,-5.4421,0.114,
a24,Sample X1,BZ,2126,41890,1525,13926,13.1212,0.1095,
b21,Blank B,BZ,2150,42352,1498,14107,,0.1062,
b22,Blank B,BZ,2169,42607,1533,13979,,0.1097,
b23,Sample X1,BZ,2139,42796,1526,14022,-49.4681,0.1088,
b24,Sample X1,BZ,2142,42605,1472,14167,-44.6,0.1039,
A09,Sample X2,C,115924,190029,67863,148156,1.1531,0.4581,
A10,Sample X2,C,107248,178981,63467,138335,1.1425,0.4588,
A11,Control C1,C,165875,154470,9603,134997,0.5608,0.0711,
A12,Control C2,C,158601,150575,9213,132232,0.562,0.0697,
B09,Sample X2,C,71507,132817,45825,101233,1.0578,0.4527,
B10,Sample X2,C,51169,105995,36023,75070,0.9332,0.4799,
B11,Control C3,C,89713,98476,5027,78705,0.3971,0.0639,
B12,Control C4,C,83956,93234,4697,74305,0.3579,0.0632,
C09,Blank B,C,10106,74686,7973,89679,,0.0889,
C10,Blank B,C,8320,64870,6022,70788,,0.0851,
C11,Sample X1,C,96505,110408,45389,100543,0.5021,0.4514,
C12,Sample X1,C,91912,105891,44485,95405,0.4756,0.4663,
D09,Blank B,C,8519,65597,5917,71277,,0.083,
D10,Blank B,C,7429,59904,4879,59458,,0.0821,
D11,Sample X1,C,78605,95414,38464,80369,0.4164,0.4786,
D12,Sample X1,C,73509,91506,37202,76419,0.3888,0.4868,
Y25,Sample X2,CA,2127,41441,1458,13733,33.099,0.1062,
Y26,Sample X2,CA,2132,41500,1496,13911,38.358,0.1075,
Y27,Control C1,CA,2123,41513,1492,13737,26.1111,0.1086,
Y28,Control C2,CA,2144,41560,1519,13811,86.8788,0.11,
Z25,Sample X2,CA,2129,41914,1465,13765,15.6022,0.1064,
Z26,Sample X2,CA,2128,41965,1570,13859,12.8557,0.1133,
Z27,Control C3,CA,2124,41937,1490,14036,12.0265,0.1062,
Z28,Control C4,CA,2121,41786,1460,14087,15.704,0.1036,
a25,Blank B,CA,2155,41935,1623,14009,,0.1159,
a26,Blank B,CA,2140,42027,1533,14061,,0.109,
a27,Sample X1,CA,2142,42323,1503,14108,-4.5122,0.1065,
a28,Sample X1,CA,2143,42285,1540,14141,-0.8919,0.1089,
b25,Blank B,CA,2151,42480,1501,13984,,0.1073,
b26,Blank B,CA,2163,42665,1443,14080,,0.1025,
b27,Sample X1,CA,2141,42339,1557,14141,-5.5333,0.1101,
b28,Sample X1,CA,2173,42590,1472,14148,15.0964,0.104,
Y29,Sample X2,CB,2153,41703,1488,13859,233.375,0.1074,
Y30,Sample X2,CB,2120,41610,1558,13914,27.7432,0.112,
Y31,Control C1,CB,2129,41690,1501,13935,33.8036,0.1077,
Y32,Control C2,CB,2142,41694,1459,13835,62.8333,0.1055,
Z29,Sample X2,CB,2141,42066,1526,14174,35.6563,0.1077,
Z30,Sample X2,CB,2110,42090,1536,13805,11.6277,0.1113,
Z31,Control C3,CB,2124,42363,1448,13997,8.2879,0.1035,
Z32,Control C4,CB,2139,42240,1516,14020,22.0278,0.1081,
a29,Blank B,CB,2149,42383,1494,13972,,0.1069,
a30,Blank B,CB,2168,42440,1499,13935,,0.1076,
a31,Sample X1,CB,2150,42377,1481,14034,37.0714,0.1055,
a32,Sample X1,CB,2148,42642,1504,14137,-0.6111,0.1064,
b29,Blank B,CB,2152,42899,1532,14166,,0.1081,
b30,Blank B,CB,2159,42824,1526,14206,,0.1074,
b31,Sample X1,CB,2169,42786,1508,14188,12.4583,0.1063,
b32,Sample X1,CB,2159,42275,1488,14204,-180.75,0.1048,
Y33,Sample X2,CC,2135,42018,1496,14022,31.6324,0.1067,
Y34,Sample X2,CC,2147,41880,1533,14080,135.15,0.1089,
Y35,Control C1,CC,2142,41944,1458,13962,61.175,0.1044,
Y36,Control C2,CC,2139,41716,1452,13828,64.5962,0.105,
Z33,Sample X2,CC,2133,42135,1512,14045,22.1447,0.1077,
Z34,Sample X2,CC,2151,42336,1532,14136,219.75,0.1084,
Z35,Control C3,CC,2140,42192,1547,13968,30.3125,0.1108,
Z36,Control C4,CC,2145,42365,1537,14075,27.25,0.1092,
a33,Blank B,CC,2164,42492,1464,14031,,0.1043,
a34,Blank B,CC,2138,42310,1484,14076,,0.1054,
a35,Sample X1,CC,2153,42609,1568,13939,53.25,0.1125,
a36,Sample X1,CC,2161,42485,1490,14004,-7.8611,0.1064,
b33,Blank B,CC,2165,42856,1502,14008,,0.1072,
b34,Blank B,CC,2141,42565,1507,14017,,0.1075,
b35,Sample X1,CC,2163,42624,1511,14077,6.2045,0.1073,
b36,Sample X1,CC,2174,42969,1551,14096,18.7841,0.11,
Y37,Sample X2,CD,2136,42004,1417,14017,24.1756,0.1011,
Y38,Sample X2,CD,2144,41964,1474,14005,33.6061,0.1052,
Y39,Control C1,CD,2135,42031,1473,14235,22.6593,0.1035,
Y40,Control C2,CD,2147,42538,1576,14006,11.8506,0.1125,
Z37,Sample X2,CD,2171,41961,1470,14191,-371,0.1036,
Z38,Sample X2,CD,2156,42548,1468,14168,19.4314,0.1036,
Z39,Control C3,CD,2142,42631,1489,14061,6.1589,0.1059,
Z40,Control C4,CD,2163,42723,1529,14199,12.6522,0.1077,
a37,Blank B,CD,2147,42786,1503,14038,,0.1071,
a38,Blank B,CD,2178,42463,1511,14118,,0.107,
a39,Sample X1,CD,2180,42900,1542,14159,9.2667,0.1089,
a40,Sample X1,CD,2176,42816,1523,14231,2.7931,0.107,
b37,Blank B,CD,2174,43097,1466,14191,,0.1033,
b38,Blank B,CD,2176,42837,1488,14179,,0.1049,
b39,Sample X1,CD,2173,45892,1551,15438,728.5294,0.1005,
b40,Sample X1,CD,2199,43346,1535,14269,18.1901,0.1076,
Y41,Sample X2,CE,2131,42019,1544,14130,24.233,0.1093,
Y42,Sample X2,CE,2118,42501,1533,14040,11.876,0.1092,
Y43,Control C1,CE,2142,42769,1454,14203,12.2963,0.1024,
Y44,Control C2,CE,2156,42721,1534,14135,20.6038,0.1085,
Z41,Sample X2,CE,2172,42722,1471,14210,51.9048,0.1035,
Z42,Sample X2,CE,2178,42650,1523,14307,137.1111,0.1065,
Z43,Control C3,CE,2165,42595,1628,14227,38.4,0.1144,
Z44,Control C4,CE,2194,43064,1522,14341,-17.6522,0.1061,
a41,Blank B,CE,2186,42875,1515,14019,,0.1081,
a42,Blank B,CE,2174,43355,1523,14246,,0.1069,
a43,Sample X1,CE,2177,43359,1451,14336,-16.7273,0.1012,
a44,Sample X1,CE,2167,43411,1530,14256,-9.2903,0.1073,
b41,Blank B,CE,2170,43597,1519,14269,,0.1065,
b42,Blank B,CE,2200,43241,1537,14094,,0.1091,
b43,Sample X1,CE,2186,43265,1538,14396,-0.5714,0.1068,
b44,Sample X1,CE,2192,43676,1541,14497,43.0526,0.1063,
Y45,Sample X2,CF,2150,42960,1479,14211,14.1587,0.1041,
Y46,Sample X2,CF,2178,43400,1549,14243,12.3438,0.1088,
Y47,Control C1,CF,2199,43030,1557,14266,222.0833,0.1091,
Y48,Control C2,CF,2208,43408,1475,14318,-48.0417,0.103,
Z45,Sample X2,CF,2151,43478,1461,14171,4.2794,0.1031,
Z46,Sample X2,CF,2213,43623,1561,14305,-6.6591,0.1091,
Z47,Control C3,CF,2190,43212,1488,14412,40.3542,0.1032,
Z48,Control C4,CF,2208,43348,1443,14260,-58.0417,0.1012,
a45,Blank B,CF,2201,43580,1539,14354,,0.1072,
a46,Blank B,CF,2198,43623,1433,14281,,0.1003,
a47,Sample X1,CF,2217,43734,1482,14287,2.5167,0.1037,
a48,Sample X1,CF,2201,43512,1476,14375,184.25,0.1027,
b45,Blank B,CF,2208,43568,1508,14530,,0.1038,
b46,Blank B,CF,2201,44014,1561,14556,,0.1072,
b47,Sample X1,CF,2199,44151,1518,14339,-151.5833,0.1059,
b48,Sample X1,CF,2204,44058,1534,14296,180.875,0.1073,
c01,Sample X2,CG,2122,43536,1463,14256,13.191,0.1026,
c02,Sample X2,CG,2135,42909,1409,14261,34.9184,0.0988,
c03,Control C1,CG,2119,42908,1494,14146,24.346,0.1056,
c04,Control C2,CG,2132,42893,1495,14214,32.6855,0.1052,
d01,Sample X2,CG,2156,43945,1478,14338,15.6984,0.1031,
d02,Sample X2,CG,2128,43717,1509,14336,10.8629,0.1053,
d03,Control C3,CG,2149,43324,1539,14159,38.1648,0.1087,
d04,Control C4,CG,2148,43423,1565,14204,32.3895,0.1102,
e01,Blank B,CG,2185,44393,1514,14352,,0.1055,
e02,Blank B,CG,2140,43953,1497,14276,,0.1049,
e03,Sample X1,CG,2148,43664,1536,14300,22.2421,0.1074,
e04,Sample X1,CG,2151,43571,1510,14250,29.9398,0.106,
f01,Blank B,CG,2178,44286,1462,14433,,0.1013,
f02,Blank B,CG,2184,44137,1471,14398,,0.1022,
f03,Sample X1,CG,2157,44163,1509,14355,1.9831,0.1051,
f04,Sample X1,CG,2165,43930,1553,14325,38.8519,0.1084,
c05,Sample X2,CH,2128,43160,1520,14252,14.8864,0.1067,
c06,Sample X2,CH,2131,42624,1508,14232,34.2417,0.106,
c07,Control C1,CH,2133,42675,1459,14151,34.8661,0.1031,
c08,Control C2,CH,2128,43032,1469,14092,18.7652,0.1042,
d05,Sample X2,CH,2133,42947,1468,14298,25.1518,0.1027,
d06,Sample X2,CH,2135,43379,1510,14086,10.4712,0.1072,
d07,Control C3,CH,2143,42868,1596,14126,43.5139,0.113,
d08,Control C4,CH,2152,43144,1485,14206,56.3611,0.1045,
e05,Blank B,CH,2157,43551,1453,14151,,0.1027,
e06,Blank B,CH,2151,43171,1537,14154,,0.1086,
e07,Sample X1,CH,2160,43487,1498,14125,164.25,0.1061,
e08,Sample X1,CH,2164,43437,1553,14291,-71.4167,0.1087,
f05,Blank B,CH,2167,43804,1615,14332,,0.1127,
f06,Blank B,CH,2169,44079,1534,14254,,0.1076,
f07,Sample X1,CH,2182,43454,1518,14206,-9.3929,0.1069,
f08,Sample X1,CH,2162,43301,1513,14123,-350.25,0.1071,
c09,Sample X2,CI,2115,42801,1493,14098,10.9095,0.1059,
c10,Sample X2,CI,2129,42886,1547,14013,12.5515,0.1104,
c11,Control C1,CI,2142,42606,1469,13989,28.2389,0.105,
c12,Control C2,CI,2148,42420,1503,14064,44.2135,0.1069,
d09,Sample X2,CI,2134,43727,1599,14117,-8.9172,0.1133,
d10,Sample X2,CI,2143,42843,1574,14122,20.578,0.1115,
d11,Control C3,CI,2142,42914,1530,14025,17.3363,0.1091,
d12,Control C4,CI,2150,43204,1528,13992,9.8642,0.1092,
e09,Blank B,CI,2150,43386,1522,14251,,0.1068,
e10,Blank B,CI,2167,43382,1452,14227,,0.1021,
e11,Sample X1,CI,2175,43589,1544,14046,39,0.1099,
e12,Sample X1,CI,2156,43231,1586,14097,12.1228,0.1125,
f09,Blank B,CI,2180,43335,1530,14196,,0.1078,
f10,Blank B,CI,2184,43512,1527,14108,,0.1082,
f11,Sample X1,CI,2177,43970,1436,14063,83.8889,0.1021,
f12,Sample X1,CI,2197,43633,1530,14128,8.5701,0.1083,
c13,Sample X2,CJ,2130,42745,1508,14077,10.3873,0.1071,
c14,Sample X2,CJ,2129,42505,1472,14088,16.6781,0.1045,
c15,Control C1,CJ,2163,42796,1519,14016,127.1,0.1084,
c16,Control C2,CJ,2159,42868,1533,14107,37.8077,0.1087,
d13,Sample X2,CJ,2163,43008,1462,14040,42.3,0.1041,
d14,Sample X2,CJ,2183,42983,1537,14004,-7.4714,0.1098,
d15,Control C3,CJ,2154,43061,1498,13953,4.587,0.1074,
d16,Control C4,CJ,2157,43075,1497,14056,4.5588,0.1065,
e13,Blank B,CJ,2156,42838,1478,14060,,0.1051,
e14,Blank B,CJ,2171,43237,1542,14000,,0.1101,
e15,Sample X1,CJ,2145,43302,1533,14163,-9.1829,0.1082,
e16,Sample X1,CJ,2165,43573,1512,14130,-918.5,0.107,
f13,Blank B,CJ,2178,43126,1508,14072,,0.1072,
f14,Blank B,CJ,2157,43254,1524,14028,,0.1086,
f15,Sample X1,CJ,2182,43608,1560,14159,29.9545,0.1102,
f16,Sample X1,CJ,2194,43275,1500,14152,5.6579,0.106,
c17,Sample X2,CK,2147,42894,1499,14004,14.7354,0.107,
c18,Sample X2,CK,2156,42998,1515,14072,15.4837,0.1077,
c19,Control C1,CK,2141,42418,1435,13963,22.0141,0.1028,
c20,Control C2,CK,2165,42789,1525,14063,27.3932,0.1084,
d17,Sample X2,CK,2182,43098,1533,14120,40.1837,0.1086,
d18,Sample X2,CK,2161,43085,1437,14053,15.1955,0.1023,
d19,Control C3,CK,2161,43375,1508,14157,6.4737,0.1065,
d20,Control C4,CK,2173,43133,1508,14140,21.5176,0.1066,
e17,Blank B,CK,2188,43843,1532,14156,,0.1082,
e18,Blank B,CK,2191,43196,1529,14192,,0.1077,
e19,Sample X1,CK,2175,43331,1533,14065,13.4675,0.109,
e20,Sample X1,CK,2174,43352,1554,14127,11.7654,0.11,
f17,Blank B,CK,2199,43478,1514,14112,,0.1073,
f18,Blank B,CK,2199,43844,1524,14156,,0.1077,
f19,Sample X1,CK,2185,43574,1552,14083,1.7568,0.1102,
f20,Sample X1,CK,2196,43521,1485,14095,-39.5714,0.1054,
c21,Sample X2,CL,2160,42718,1460,14031,46.6623,0.1041,
c22,Sample X2,CL,2150,42869,1527,14012,25.547,0.109,
c23,Control C1,CL,2161,42964,1459,14118,35.7397,0.1033,
c24,Control C2,CL,2190,43168,1536,14094,-41.6977,0.109,
d21,Sample X2,CL,2179,43364,1486,14181,1009,0.1048,
d22,Sample X2,CL,2161,43010,1502,14179,33.2192,0.1059,
d23,Control C3,CL,2178,43147,1556,14208,375.4,0.1095,
d24,Control C4,CL,2178,43002,1540,14258,491.4,0.108,
e21,Blank B,CL,2174,43484,1597,14173,,0.1127,
e22,Blank B,CL,2173,43467,1479,14079,,0.1051,
e23,Sample X1,CL,2179,43341,1524,14238,1101,0.107,
e24,Sample X1,CL,2195,43530,1507,14129,-5.4762,0.1067,
f21,Blank B,CL,2190,43620,1482,14085,,0.1052,
f22,Blank B,CL,2180,43894,1533,14116,,0.1086,
f23,Sample X1,CL,2196,43745,1569,14037,7.6866,0.1118,
f24,Sample X1,CL,2188,43801,1454,14135,21.1143,0.1029,
c25,Sample X2,CM,2176,43056,1488,14084,56.5882,0.1057,
c26,Sample X2,CM,2167,42923,1450,13930,35.0857,0.1041,
c27,Control C1,CM,2163,42804,1612,13950,34.093,0.1156,
c28,Control C2,CM,2179,43169,1468,14124,66.9091,0.1039,
d25,Sample X2,CM,2201,43250,1466,14103,-17.3939,0.1039,
d26,Sample X2,CM,2182,43179,1507,14200,143.2,0.1061,
d27,Control C3,CM,2188,43468,1482,14189,-19.7143,0.1044,
d28,Control C4,CM,2168,43160,1416,14206,22.8485,0.0997,
e25,Blank B,CM,2185,43362,1505,14134,,0.1065,
e26,Blank B,CM,2169,43717,1485,13993,,0.1061,
e27,Sample X1,CM,2197,43458,1509,14169,-6.32,0.1065,
e28,Sample X1,CM,2186,43317,1460,14312,-146.6667,0.102,
f25,Blank B,CM,2201,43712,1484,14159,,0.1048,
f26,Blank B,CM,2183,43357,1540,14131,,0.109,
f27,Sample X1,CM,2206,43614,1487,14137,3.5814,0.1052,
f28,Sample X1,CM,2187,43550,1501,14166,5.2,0.106,
c29,Sample X2,CN,2192,42926,1575,14130,226.1667,0.1115,
c30,Sample X2,CN,2178,42667,1545,14045,55.1471,0.11,
c31,Control C1,CN,2166,43194,1384,14063,14.1552,0.0984,
c32,Control C2,CN,2163,42967,1561,14251,19.9219,0.1095,
d29,Sample X2,CN,2184,43286,1505,14185,28.9545,0.1061,
d30,Sample X2,CN,2171,43351,1533,14210,10.5625,0.1079,
d31,Control C3,CN,2203,43219,1473,14247,-48.1875,0.1034,
d32,Control C4,CN,2194,43357,1528,14091,247.5,0.1084,
e29,Blank B,CN,2185,43614,1479,14042,,0.1053,
e30,Blank B,CN,2194,43639,1483,14097,,0.1052,
e31,Sample X1,CN,2188,43870,1502,14043,-37.9286,0.107,
e32,Sample X1,CN,2187,43758,1532,14359,-19.1875,0.1067,
f29,Blank B,CN,2202,43666,1596,14107,,0.1131,
f30,Blank B,CN,2199,43499,1554,14104,,0.1102,
f31,Sample X1,CN,2190,43595,1505,14173,1.9,0.1062,
f32,Sample X1,CN,2185,43567,1452,14133,3.75,0.1027,
c33,Sample X2,CO,2152,42910,1532,14206,20.4732,0.1078,
c34,Sample X2,CO,2192,43028,1626,14148,-37.9375,0.1149,
c35,Control C1,CO,2165,43340,1582,14060,9.55,0.1125,
c36,Control C2,CO,2181,43408,1508,14210,-75.25,0.1061,
d33,Sample X2,CO,2199,42934,1572,14098,-28.9079,0.1115,
d34,Sample X2,CO,2169,43308,1562,14059,15.9318,0.1111,
d35,Control C3,CO,2179,43016,1499,14029,467.25,0.1069,
d36,Control C4,CO,2161,43397,1538,14208,4.5395,0.1082,
e33,Blank B,CO,2168,43587,1506,14123,,0.1066,
e34,Blank B,CO,2196,43150,1486,14159,,0.105,
e35,Sample X1,CO,2190,43367,1513,14103,-11.625,0.1073,
e36,Sample X1,CO,2199,43316,1509,14113,-8.8026,0.1069,
f33,Blank B,CO,2178,43797,1522,14063,,0.1082,
f34,Blank B,CO,2178,43399,1485,14080,,0.1055,
f35,Sample X1,CO,2161,43129,1455,13919,18.6447,0.1045,
f36,Sample X1,CO,2143,43067,1477,14109,11.25,0.1047,
c37,Sample X2,CP,2171,43326,1557,14085,36.7778,0.1105,
c38,Sample X2,CP,2169,43341,1496,14268,26.6571,0.1049,
c39,Control C1,CP,2189,43762,1518,14274,16.6889,0.1063,
c40,Control C2,CP,2181,43329,1503,14124,-75.4615,0.1064,
d37,Sample X2,CP,2197,43695,1524,14165,6.2727,0.1076,
d38,Sample X2,CP,2195,43576,1505,14186,0.1014,0.1061,
d39,Control C3,CP,2204,43547,1514,14365,-1.0381,0.1054,
d40,Control C4,CP,2175,43591,1531,14383,-6.0909,0.1064,
e37,Blank B,CP,2197,43936,1441,14202,,0.1015,
e38,Blank B,CP,2191,43578,1605,14160,,0.1133,
e39,Sample X1,CP,2194,43400,1538,14313,-10.7231,0.1075,
e40,Sample X1,CP,2183,43692,1524,14312,22.4286,0.1065,
f37,Blank B,CP,2171,43498,1479,14070,,0.1051,
f38,Blank B,CP,2152,43285,1475,14119,,0.1045,
f39,Sample X1,CP,2178,43499,1505,14105,-301,0.1067,
f40,Sample X1,CP,2154,43201,1451,13890,15.7158,0.1045,
c41,Sample X2,CQ,2198,43447,1541,14257,5.4097,0.1081,
c42,Sample X2,CQ,2186,43863,1545,14314,25.4479,0.1079,
c43,Control C1,CQ,2190,43588,1527,14379,11.9911,0.1062,
c44,Control C2,CQ,2217,44118,1506,14449,15.7409,0.1042,
d41,Sample X2,CQ,2170,43824,1610,14271,71.4688,0.1128,
d42,Sample X2,CQ,2208,43792,1519,14381,11.7337,0.1056,
d43,Control C3,CQ,2194,43975,1565,14444,22.5859,0.1083,
d44,Control C4,CQ,2190,43677,1527,14489,15.1696,0.1054,
e41,Blank B,CQ,2195,43865,1509,14120,,0.1069,
e42,Blank B,CQ,2181,43392,1544,14315,,0.1079,
e43,Sample X1,CQ,2201,43833,1469,14261,14.891,0.103,
e44,Sample X1,CQ,2175,43580,1448,14394,25.2115,0.1006,
f41,Blank B,CQ,2149,42853,1455,13904,,0.1046,
f42,Blank B,CQ,2123,42899,1379,14052,,0.0981,
f43,Sample X1,CQ,2138,42647,1403,14034,25.2188,0.1,
f44,Sample X1,CQ,2115,42698,1508,13789,11.7926,0.1094,
c45,Sample X2,CR,2225,43698,1494,14584,5.7211,0.1024,
c46,Sample X2,CR,2212,44155,1484,14445,16.402,0.1027,
c47,Control C1,CR,2194,44064,1495,14487,22.8346,0.1032,
c48,Control C2,CR,2182,44269,1410,14409,47.0886,0.0979,
d45,Sample X2,CR,2223,44070,1528,14484,12.0329,0.1055,
d46,Sample X2,CR,2221,44374,1486,14589,17.617,0.1019,
d47,Control C3,CR,2215,44136,1532,14523,15.109,0.1055,
d48,Control C4,CR,2186,43538,1532,14227,8.3789,0.1077,
e45,Blank B,CR,2200,43855,1470,14385,,0.1022,
e46,Blank B,CR,2186,44037,1466,14358,,0.1021,
e47,Sample X1,CR,2208,43830,1562,14342,10.7322,0.1089,
e48,Sample X1,CR,2132,43060,1398,13943,9.2231,0.1003,
f45,Blank B,CR,2121,42939,1364,13907,,0.0981,
f46,Blank B,CR,2142,42525,1385,13916,,0.0995,
f47,Sample X1,CR,2107,42519,1395,13870,14.8416,0.1006,
f48,Sample X1,CR,1889,38879,1237,13002,16.322,0.0951,
A13,Sample X2,D,141734,210707,75773,158759,1.1102,0.4773,
A14,Sample X2,D,148413,221719,79175,165868,1.1358,0.4773,
A15,Control C1,D,187303,179554,9445,154627,0.6556,0.0611,
A16,Control C2,D,206977,196245,10546,172256,0.6746,0.0612,
B13,Sample X2,D,79113,138172,52641,100178,1.0682,0.5255,
B14,Sample X2,D,84843,144227,53982,104590,1.0673,0.5161,
B15,Control C3,D,125598,127810,5476,108030,0.5599,0.0507,
B16,Control C4,D,124671,125797,5421,104896,0.5472,0.0517,
C13,Blank B,D,7762,63632,2447,107424,,0.0228,
C14,Blank B,D,7748,62978,2553,105412,,0.0242,
C15,Sample X1,D,123124,134063,35629,121174,0.626,0.294,
C16,Sample X1,D,124399,136650,36892,122704,0.6413,0.3007,
D13,Blank B,D,7421,60917,2312,98614,,0.0234,
D14,Blank B,D,7148,59261,2281,92641,,0.0246,
D15,Sample X1,D,105553,118304,30542,101852,0.5774,0.2999,
D16,Sample X1,D,118969,130038,35374,115541,0.6132,0.3062,
A17,Sample X2,E,63746,128717,13520,189504,1.4309,0.0713,
A18,Sample X2,E,38655,93711,7631,132588,1.4567,0.0576,
A19,Control C1,E,76232,140400,21059,197530,1.3456,0.1066,
A20,Control C2,E,74218,139178,18772,203044,1.3667,0.0925,
B17,Sample X2,E,37933,80081,8638,86856,1.0882,0.0995,
B18,Sample X2,E,10660,52798,4836,41454,1.4374,0.1167,
B19,Control C3,E,60323,116551,16851,161198,1.3024,0.1045,
B20,Control C4,E,60742,118146,16117,166496,1.3208,0.0968,
C17,Blank B,E,3821,42768,1412,15816,,0.0893,
C18,Blank B,E,3698,42360,1439,15873,,0.0907,
C19,Sample X1,E,3667,42272,1470,15903,5.0787,0.0924,
C20,Sample X1,E,3675,42278,1466,16138,5.362,0.0908,
D17,Blank B,E,3859,43406,1419,16306,,0.087,
D18,Blank B,E,3811,43200,1417,16204,,0.0874,
D19,Sample X1,E,3798,43376,1421,16280,590,0.0873,
D20,Sample X1,E,3886,44109,1523,16564,13.2451,0.0919,
A21,Sample X2,F,24255,109307,7747,196146,6.7619,0.0395,
A22,Sample X2,F,21326,97420,7182,158153,15.1794,0.0454,
A23,Control C1,F,3150,40333,1297,14985,2.4837,0.0866,
A24,Control C2,F,3100,40026,1399,15024,2.4943,0.0931,
B21,Sample X2,F,14852,73831,5863,109128,1.6824,0.0537,
B22,Sample X2,F,10211,67911,3563,105310,1.4968,0.0338,
B23,Control C3,F,3451,41768,1479,15542,2.4431,0.0952,
B24,Control C4,F,3442,41428,1382,15556,2.4619,0.0888,
C21,Blank B,F,20774,87498,5276,161912,,0.0326,
C22,Blank B,F,22069,88825,5284,162383,,0.0325,
C23,Sample X1,F,19884,92424,5195,175475,-18.5217,0.0296,
C24,Sample X1,F,19437,94188,5366,181869,-11.6509,0.0295,
D21,Blank B,F,19600,78374,4612,137150,,0.0336,
D22,Blank B,F,19098,77863,4884,134374,,0.0363,
D23,Sample X1,F,16984,78698,4380,143972,1.306,0.0304,
D24,Sample X1,F,16751,80857,4489,148667,0.6282,0.0302,
A25,Sample X2,G,3134,40157,1364,15143,2.5761,0.0901,
A26,Sample X2,G,3324,40815,1429,15494,2.5616,0.0922,
A27,Control C1,G,46458,132962,21012,202160,1.9782,0.1039,
A28,Control C2,G,45029,129731,19706,197876,1.9648,0.0996,
B25,Sample X2,G,3535,42329,1514,15577,2.4768,0.0972,
B26,Sample X2,G,3635,42515,1460,15808,2.4822,0.0924,
B27,Control C3,G,38078,110103,16124,165159,1.7059,0.0976,
B28,Control C4,G,36338,106450,15857,160215,1.6738,0.099,
C25,Blank B,G,22812,92917,5072,171118,,0.0296,
C26,Blank B,G,16268,79274,4098,135412,,0.0303,
C27,Sample X1,G,14243,84186,4352,163673,-17.5042,0.0266,
C28,Sample X1,G,12958,79795,3991,153788,-4.4061,0.026,
D25,Blank B,G,5671,49869,1917,57984,,0.0331,
D26,Blank B,G,15291,60946,4143,75563,,0.0548,
D27,Sample X1,G,13724,79859,4059,150429,-7.0793,0.027,
D28,Sample X1,G,13277,77163,4098,144573,-3.6986,0.0283,
A29,Sample X2,H,39105,115189,8334,203855,0.3738,0.0409,
A30,Sample X2,H,39749,116173,8124,209094,0.3641,0.0389,
A31,Control C1,H,32355,115142,8914,216146,0.3443,0.0412,
A32,Control C2,H,50455,127893,12068,219902,0.2452,0.0549,
B29,Sample X2,H,28530,92942,6308,164086,0.5824,0.0384,
B30,Sample X2,H,26346,89542,5445,156476,0.606,0.0348,
B31,Control C3,H,36816,100631,9223,167609,0.5463,0.055,
B32,Control C4,H,38624,100766,9244,166884,0.5573,0.0554,
C29,Blank B,H,116573,143763,22108,153754,,0.1438,
C30,Blank B,H,121129,148784,22204,162452,,0.1367,
C31,Sample X1,H,3658,42240,1390,16295,0.9041,0.0853,
C32,Sample X1,H,3674,42361,1414,16148,0.9031,0.0876,
D29,Blank B,H,109503,136937,21593,142102,,0.152,
D30,Blank B,H,117742,146597,22790,156752,,0.1454,
D31,Sample X1,H,3832,43633,1480,16623,0.8931,0.089,
D32,Sample X1,H,3850,43103,1403,16450,0.8979,0.0853,
A33,Sample X2,I,170926,255542,91505,193534,1.0643,0.4728,
A34,Sample X2,I,165569,247820,89285,194892,1.0512,0.4581,
A35,Control C1,I,230685,193614,6659,208067,0.4924,0.032,
A36,Control C2,I,232971,193983,6141,207308,0.489,0.0296,
B33,Sample X2,I,119447,191501,73316,148558,0.9788,0.4935,
B34,Sample X2,I,106919,176764,67783,138795,0.9529,0.4884,
B35,Control C3,I,160979,141558,3504,142796,0.374,0.0245,
B36,Control C4,I,149619,133192,3175,135057,0.3443,0.0235,
C33,Blank B,I,12001,90553,11589,129950,,0.0892,
C34,Blank B,I,10845,84504,10382,118715,,0.0875,
C35,Sample X1,I,149384,155198,62136,157296,0.5041,0.395,
C36,Sample X1,I,125185,137234,57743,134433,0.4535,0.4295,
D33,Blank B,I,11153,84914,9929,120879,,0.0821,
D34,Blank B,I,10699,82128,9372,116083,,0.0807,
D35,Sample X1,I,139690,147894,59132,143260,0.4853,0.4128,
D36,Sample X1,I,137925,147257,60000,142623,0.487,0.4207,
A37,Sample X2,J,195902,257095,75794,210059,0.9946,0.3608,
A38,Sample X2,J,165414,237255,70954,194921,1.0614,0.364,
A39,Control C1,J,243095,203943,4525,216240,0.568,0.0209,
A40,Control C2,J,250490,211080,4704,221573,0.5802,0.0212,
B37,Sample X2,J,111295,174594,58560,141326,1.0106,0.4144,
B38,Sample X2,J,107113,171098,58118,139233,1.018,0.4174,
B39,Control C3,J,179628,153498,3071,154481,0.484,0.0199,
B40,Control C4,J,197544,168479,3369,170456,0.5173,0.0198,
C37,Blank B,J,8375,70766,3079,138920,,0.0222,
C38,Blank B,J,8155,69659,2926,130566,,0.0224,
C39,Sample X1,J,119337,143657,69003,126926,0.6583,0.5436,
C40,Sample X1,J,122515,146120,72330,128407,0.6616,0.5633,
D37,Blank B,J,8711,71759,2965,137611,,0.0215,
D38,Blank B,J,8521,70417,2829,130343,,0.0217,
D39,Sample X1,J,116378,138090,67658,118895,0.6248,0.5691,
D40,Sample X1,J,130301,151098,73915,131420,0.6602,0.5624,
A41,Sample X2,K,171240,244963,91766,216050,1.0313,0.4247,
A42,Sample X2,K,171386,246688,94406,224514,1.0411,0.4205,
A43,Control C1,K,248534,209252,6093,223064,0.5471,0.0273,
A44,Control C2,K,257660,224969,7055,242591,0.5905,0.0291,
B41,Sample X2,K,119627,187834,82409,164532,0.9957,0.5009,
B42,Sample X2,K,121216,190633,85725,170228,1.0067,0.5036,
B43,Control C3,K,202309,176088,4419,181584,0.5061,0.0243,
B44,Control C4,K,235665,202848,5374,212905,0.5499,0.0252,
C41,Blank B,K,9799,77674,3231,154711,,0.0209,
C42,Blank B,K,10387,80462,3355,160584,,0.0209,
C43,Sample X1,K,176267,179956,71421,181660,0.6088,0.3932,
C44,Sample X1,K,201613,201878,74800,202773,0.6427,0.3689,
D41,Blank B,K,10029,77322,3085,150540,,0.0205,
D42,Blank B,K,10409,79863,3234,156415,,0.0207,
D43,Sample X1,K,170512,171505,67542,167532,0.5779,0.4032,
D44,Sample X1,K,194408,193639,73957,188747,0.6231,0.3918,
A45,Sample X2,L,2597,38405,1367,14137,4.9214,0.0967,
A46,Sample X2,L,2365,37852,1252,13841,4.0913,0.0905,
A47,Control C1,L,2227,37455,1300,13583,3.8935,0.0957,
A48,Control C2,L,2131,37104,1326,13418,3.8693,0.0988,
B45,Sample X2,L,2799,39235,1338,14130,5.5177,0.0947,
B46,Sample X2,L,2552,38237,1276,13883,4.8191,0.0919,
B47,Control C3,L,2363,38087,1325,13717,3.7494,0.0966,
B48,Control C4,L,2285,37891,1233,13723,3.6272,0.0898,
C45,Blank B,L,2981,40012,1322,14584,,0.0906,
C46,Blank B,L,2787,39866,1315,14364,,0.0915,
C47,Sample X1,L,2576,39225,1450,14077,3.0682,0.103,
C48,Sample X1,L,2459,39216,1272,13923,2.4994,0.0914,
D45,Blank B,L,3364,41893,1449,14863,,0.0975,
D46,Blank B,L,3165,41244,1362,14636,,0.0931,
D47,Sample X1,L,2995,40696,1423,14449,0.7287,0.0985,
D48,Sample X1,L,2811,40671,1374,14462,0.3143,0.095,
E01,Sample X2,M,113152,200398,68315,142663,1.2768,0.4789,
E02,Sample X2,M,96498,177198,62541,128081,1.2548,0.4883,
E03,Control C1,M,178778,151351,2976,148834,0.496,0.02,
E04,Control C2,M,161386,140279,2679,135057,0.48,0.0198,
F01,Sample X2,M,75997,145981,49138,98963,1.1732,0.4965,
F02,Sample X2,M,55030,114863,39887,76896,1.0327,0.5187,
F03,Control C3,M,106185,102272,1940,91491,0.362,0.0212,
F04,Control C4,M,101623,100843,1965,89077,0.3644,0.0221,
G01,Blank B,M,10249,75805,6080,129431,,0.047,
G02,Blank B,M,7880,63063,3911,98755,,0.0396,
G03,Sample X1,M,90998,105192,41128,90598,0.4642,0.454,
G04,Sample X1,M,78111,94867,36659,79765,0.4017,0.4596,
H01,Blank B,M,9518,71642,4794,121730,,0.0394,
H02,Blank B,M,6923,57331,3035,81378,,0.0373,
H03,Sample X1,M,76608,93292,35743,76954,0.3874,0.4645,
H04,Sample X1,M,72909,90881,33979,73208,0.3722,0.4641,
E05,Sample X2,N,94961,149218,51616,128194,1.0165,0.4026,
E06,Sample X2,N,75322,129472,43546,108371,1.0197,0.4018,
E07,Control C1,N,145199,133058,2804,130781,0.5294,0.0214,
E08,Control C2,N,131057,124101,2570,118292,0.5176,0.0217,
F05,Sample X2,N,55323,102109,33080,78633,0.8749,0.4207,
F06,Sample X2,N,53763,100460,32138,74732,0.8688,0.43,
F07,Control C3,N,107895,106400,2129,99294,0.4608,0.0214,
F08,Control C4,N,113214,110321,2268,103530,0.4747,0.0219,
G05,Blank B,N,7166,60430,2266,90751,,0.025,
G06,Blank B,N,7288,60869,2290,93419,,0.0245,
G07,Sample X1,N,86566,104688,34091,88521,0.5631,0.3851,
G08,Sample X1,N,87371,106035,35640,89960,0.5742,0.3962,
H05,Blank B,N,6983,58740,2233,87065,,0.0256,
H06,Blank B,N,7266,59897,2302,91907,,0.025,
H07,Sample X1,N,82375,101290,32903,84222,0.5493,0.3907,
H08,Sample X1,N,93352,109745,37827,95461,0.5774,0.3963,
E09,Sample X2,O,73760,132181,38526,93278,1.0527,0.413,
E10,Sample X2,O,74674,132468,40592,92622,1.0427,0.4383,
E11,Control C1,O,121215,115245,3818,105570,0.4643,0.0362,
E12,Control C2,O,109573,106165,3374,96679,0.4283,0.0349,
F09,Sample X2,O,71453,127358,37763,87484,1.0153,0.4317,
F10,Sample X2,O,71395,125992,36886,85662,0.9948,0.4306,
F11,Control C3,O,96905,96931,2907,86464,0.3857,0.0336,
F12,Control C4,O,92680,94205,2777,82771,0.3729,0.0336,
G09,Blank B,O,7604,63118,3016,104099,,0.029,
G10,Blank B,O,7316,61446,2867,99159,,0.0289,
G11,Sample X1,O,99493,111310,34362,103910,0.5312,0.3307,
G12,Sample X1,O,92040,105634,32325,97377,0.5109,0.332,
H09,Blank B,O,7545,62437,2864,102624,,0.0279,
H10,Blank B,O,7634,62814,2943,105049,,0.028,
H11,Sample X1,O,94049,107369,31261,97916,0.5191,0.3193,
H12,Sample X1,O,95810,109103,32341,101776,0.5284,0.3178,
E13,Sample X2,P,105646,162369,53735,126310,0.9459,0.4254,
E14,Sample X2,P,102426,159863,53422,124380,0.9516,0.4295,
E15,Control C1,P,135699,131140,7046,116876,0.4766,0.0603,
E16,Control C2,P,149230,140843,7523,128965,0.4997,0.0583,
F13,Sample X2,P,84248,137842,46611,105819,0.8892,0.4405,
F14,Sample X2,P,82845,135656,45964,106125,0.8766,0.4331,
F15,Control C3,P,125027,120621,5956,109069,0.4299,0.0546,
F16,Control C4,P,129280,123153,6225,113350,0.4357,0.0549,
G13,Blank B,P,9049,73444,3113,152916,,0.0204,
G14,Blank B,P,8113,66934,2721,133969,,0.0203,
G15,Sample X1,P,134320,140698,54089,133936,0.5578,0.4038,
G16,Sample X1,P,135324,140995,55702,134701,0.5557,0.4135,
H13,Blank B,P,8516,70708,2912,140591,,0.0207,
H14,Blank B,P,8680,71170,2893,144546,,0.02,
H15,Sample X1,P,136558,142010,56640,138081,0.5583,0.4102,
H16,Sample X1,P,132071,138646,55518,133421,0.5514,0.4161,
E17,Sample X2,Q,107025,149557,29713,110164,0.7709,0.2697,
E18,Sample X2,Q,117589,159962,31910,119049,0.7918,0.268,
E19,Control C1,Q,153883,140218,4675,134222,0.4561,0.0348,
E20,Control C2,Q,149167,136439,4466,129114,0.4445,0.0346,
F17,Sample X2,Q,98463,140306,27078,101196,0.7411,0.2676,
F18,Sample X2,Q,92510,132607,25247,94736,0.7015,0.2665,
F19,Control C3,Q,136264,125038,3930,119661,0.3998,0.0328,
F20,Control C4,Q,129221,120672,3626,114947,0.3868,0.0315,
G17,Blank B,Q,9870,76686,7294,123876,,0.0589,
G18,Blank B,Q,9766,76440,6785,123690,,0.0549,
G19,Sample X1,Q,103525,128586,56506,107845,0.5766,0.524,
G20,Sample X1,Q,102609,128586,57034,106022,0.5823,0.5379,
H17,Blank B,Q,8986,71622,6221,115645,,0.0538,
H18,Blank B,Q,9212,72623,6184,118084,,0.0524,
H19,Sample X1,Q,102201,125028,56449,104830,0.5465,0.5385,
H20,Sample X1,Q,99794,122933,55104,101674,0.5379,0.542,
E21,Sample X2,R,81268,151975,55968,100125,1.1244,0.559,
E22,Sample X2,R,80751,152498,56211,99748,1.1398,0.5635,
E23,Control C1,R,158675,140317,3145,135206,0.4652,0.0233,
E24,Control C2,R,165467,146705,3014,142716,0.4858,0.0211,
F21,Sample X2,R,72030,138319,48889,88900,1.0726,0.5499,
F22,Sample X2,R,75604,142206,51088,93089,1.0734,0.5488,
F23,Control C3,R,146611,129697,2723,124459,0.4288,0.0219,
F24,Control C4,R,147941,130844,2822,127840,0.4329,0.0221,
G21,Blank B,R,9272,72029,5806,126476,,0.0459,
G22,Blank B,R,9279,72886,5790,126232,,0.0459,
G23,Sample X1,R,128134,137046,65272,121011,0.5569,0.5394,
G24,Sample X1,R,130294,139653,67110,123671,0.5685,0.5426,
H21,Blank B,R,8755,69673,5098,117800,,0.0433,
H22,Blank B,R,8575,68138,4904,115281,,0.0425,
H23,Sample X1,R,121839,131112,62621,112693,0.5354,0.5557,
H24,Sample X1,R,121311,131355,63171,114899,0.5401,0.5498,
E25,Sample X2,S,94831,159422,36724,108404,1.0063,0.3388,
E26,Sample X2,S,105236,173693,40570,118695,1.0458,0.3418,
E27,Control C1,S,174226,151365,3994,149207,0.4741,0.0268,
E28,Control C2,S,175445,151644,3838,149898,0.4723,0.0256,
F25,Sample X2,S,81452,139413,31406,92480,0.916,0.3396,
F26,Sample X2,S,93717,155427,35521,104800,0.9724,0.3389,
F27,Control C3,S,159863,140227,3455,137813,0.4454,0.0251,
F28,Control C4,S,158545,138190,3380,136232,0.4357,0.0248,
G25,Blank B,S,8763,71903,3263,133227,,0.0245,
G26,Blank B,S,9644,77953,3859,150062,,0.0257,
G27,Sample X1,S,143313,150115,59301,142481,0.5739,0.4162,
G28,Sample X1,S,146394,152019,59526,144143,0.5749,0.413,
H25,Blank B,S,8355,68598,3086,124829,,0.0247,
H26,Blank B,S,9121,73616,3424,139942,,0.0245,
H27,Sample X1,S,134866,141532,55320,133096,0.5442,0.4156,
H28,Sample X1,S,137559,144460,57118,136962,0.5556,0.417,
E29,Sample X2,T,135448,198835,64821,149785,0.9716,0.4328,
E30,Sample X2,T,134583,197678,65781,152152,0.969,0.4323,
E31,Control C1,T,189097,163299,3503,165279,0.4839,0.0212,
E32,Control C2,T,191026,163238,3510,167370,0.4784,0.021,
F29,Sample X2,T,120639,179408,59127,138570,0.9263,0.4267,
F30,Sample X2,T,121133,181039,60187,139330,0.9368,0.432,
F31,Control C3,T,171707,147621,3104,150783,0.4391,0.0206,
F32,Control C4,T,172668,149669,3082,151906,0.4491,0.0203,
G29,Blank B,T,9489,78026,3500,156209,,0.0224,
G30,Blank B,T,9521,77521,3379,157548,,0.0214,
G31,Sample X1,T,161355,163614,71187,163888,0.5743,0.4344,
G32,Sample X1,T,166892,169932,73434,171073,0.5942,0.4293,
H29,Blank B,T,9166,74191,3364,147323,,0.0228,
H30,Blank B,T,9257,75581,3397,150181,,0.0226,
H31,Sample X1,T,159302,162156,70279,163209,0.5724,0.4306,
H32,Sample X1,T,170968,172501,75955,173780,0.5951,0.4371,
E33,Sample X2,U,137688,205935,71484,147088,0.936,0.486,
E34,Sample X2,U,136475,205756,71824,147260,0.9436,0.4877,
E35,Control C1,U,185122,161019,3291,166348,0.4224,0.0198,
E36,Control C2,U,182875,159809,3361,164418,0.4209,0.0204,
F33,Sample X2,U,131728,194417,68910,140776,0.8867,0.4895,
F34,Sample X2,U,136563,203611,71645,147174,0.9258,0.4868,
F35,Control C3,U,187067,159957,3261,167866,0.4117,0.0194,
F36,Control C4,U,192061,165247,3357,174717,0.4296,0.0192,
G33,Blank B,U,10703,84048,5401,174988,,0.0309,
G34,Blank B,U,11154,87013,5470,182604,,0.03,
G35,Sample X1,U,140435,168196,56597,148787,0.624,0.3804,
G36,Sample X1,U,154530,181542,62380,159327,0.6558,0.3915,
H33,Blank B,U,11174,87372,5299,183692,,0.0288,
H34,Blank B,U,11852,91823,5780,194474,,0.0297,
H35,Sample X1,U,158308,181242,63493,163469,0.6369,0.3884,
H36,Sample X1,U,171441,194502,70033,177160,0.6674,0.3953,
E37,Sample X2,V,25446,95200,6863,180397,2.3141,0.038,
E38,Sample X2,V,26906,99660,7383,187180,2.3618,0.0394,
E39,Control C1,V,3798,43778,1397,15699,5.3542,0.089,
E40,Control C2,V,3732,43162,1469,15515,5.8771,0.0947,
F37,Sample X2,V,32610,107363,8566,202074,2.1585,0.0424,
F38,Sample X2,V,32401,113533,8397,216365,2.3936,0.0388,
F39,Control C3,V,3903,44188,1450,15746,5.8136,0.0921,
F40,Control C4,V,3837,44199,1449,15756,4.82,0.092,
G37,Blank B,V,4240,46050,1584,16398,,0.0966,
G38,Blank B,V,4051,45228,1555,16101,,0.0966,
G39,Sample X1,V,3937,44613,1403,15839,5.0488,0.0886,
G40,Sample X1,V,3877,44584,1455,15782,4.282,0.0922,
H37,Blank B,V,4417,46942,1489,16541,,0.09,
H38,Blank B,V,4229,46235,1549,16360,,0.0947,
H39,Sample X1,V,4078,45532,1534,16165,3.7232,0.0949,
H40,Sample X1,V,3976,44942,1529,16105,4.5373,0.0949,
E41,Sample X2,W,122534,189778,71061,165434,0.8274,0.4295,
E42,Sample X2,W,107153,172506,67336,149656,0.7793,0.4499,
E43,Control C1,W,186972,170763,5016,158786,0.4127,0.0316,
E44,Control C3,W,189262,171680,4868,162030,0.4125,0.03,
F41,Sample X2,W,142507,211012,75624,184851,0.8636,0.4091,
F42,Sample X2,W,126695,192084,71449,168720,0.8174,0.4235,
F43,Control C2,W,189171,171454,4843,160337,0.4115,0.0302,
F44,Control C4,W,185947,166978,4543,159206,0.3933,0.0285,
G41,Blank B,W,12532,98772,4620,210047,,0.022,
G42,Blank B,W,11320,91238,4003,192661,,0.0208,
G43,Sample X1,W,133902,177463,82202,147187,0.6484,0.5585,
G44,Sample X1,W,129660,171623,81977,145467,0.622,0.5635,
H41,Blank B,W,13356,103918,4892,222244,,0.022,
H42,Blank B,W,13006,101205,4696,215787,,0.0218,
H43,Sample X1,W,160900,202619,90963,172942,0.7,0.526,
H44,Sample X1,W,165623,206934,92238,174578,0.7065,0.5283,
E45,Sample X2,X,123883,195580,74937,181326,0.9488,0.4133,
E46,Sample X2,X,130868,203290,78777,192979,0.9578,0.4082,
E47,Control C1,X,232781,216111,17371,208664,0.5743,0.0832,
E48,Control C2,X,258600,239921,19839,234195,0.6107,0.0847,
F45,Sample X2,X,117582,185512,74266,172329,0.9101,0.431,
F46,Sample X2,X,117352,185929,76289,173172,0.9161,0.4405,
F47,Control C3,X,205755,188628,11936,181587,0.5127,0.0657,
F48,Control C4,X,251376,230365,17501,227849,0.5892,0.0768,
G45,Blank B,X,10873,84148,3721,171186,,0.0217,
G46,Blank B,X,10569,82569,3699,171191,,0.0216,
G47,Sample X1,X,188350,193204,88130,203453,0.5891,0.4332,
G48,Sample X1,X,225166,224139,90382,237304,0.6324,0.3809,
H45,Blank B,X,12509,93899,4283,196904,,0.0218,
H46,Blank B,X,12777,95899,4455,202465,,0.022,
H47,Sample X1,X,203996,204767,90548,215620,0.6013,0.4199,
H48,Sample X1,X,240440,233287,91858,254967,0.6302,0.3603,
I01,Sample X2,Y,103595,168499,64486,131871,1.043,0.489,
I02,Sample X2,Y,58440,114009,43484,84023,0.8943,0.5175,
I03,Control C1,Y,73532,91792,5809,70830,0.3431,0.082,
I04,Control C2,Y,72220,89750,5497,70358,0.318,0.0781,
J01,Sample X2,Y,91727,153767,59232,120125,1.0146,0.4931,
J02,Sample X2,Y,56684,111092,42364,82035,0.8662,0.5164,
J03,Control C3,Y,77970,92730,5732,73337,0.3347,0.0782,
J04,Control C4,Y,77350,92658,5672,72868,0.3366,0.0778,
K01,Blank B,Y,10669,80248,8865,120442,,0.0736,
K02,Blank B,Y,7448,61632,5398,77407,,0.0697,
K03,Sample X1,Y,87655,104534,45003,86960,0.4432,0.5175,
K04,Sample X1,Y,89446,105975,45485,87959,0.4512,0.5171,
L01,Blank B,Y,9878,76587,8145,113985,,0.0715,
L02,Blank B,Y,6952,59777,5041,73682,,0.0684,
L03,Sample X1,Y,89444,105691,45100,88066,0.4477,0.5121,
L04,Sample X1,Y,85345,102717,42926,85291,0.4328,0.5033,
I05,Sample X2,Z,59332,108641,29041,80864,0.864,0.3591,
I06,Sample X2,Z,66216,118520,31681,88721,0.9313,0.3571,
I07,Control C1,Z,98608,98445,2090,81545,0.3781,0.0256,
I08,Control C2,Z,117240,111407,2350,98636,0.4322,0.0238,
J05,Sample X2,Z,62554,112825,30196,82053,0.8896,0.368,
J06,Sample X2,Z,65298,116354,30982,85614,0.9085,0.3619,
J07,Control C3,Z,104373,101735,2137,84454,0.3896,0.0253,
J08,Control C4,Z,132807,121845,2476,107913,0.4619,0.0229,
K05,Blank B,Z,7722,63741,3482,97620,,0.0357,
K06,Blank B,Z,8041,65357,3696,101794,,0.0363,
K07,Sample X1,Z,115251,123703,55688,115477,0.5546,0.4822,
K08,Sample X1,Z,146336,150550,68266,147347,0.6239,0.4633,
L05,Blank B,Z,7558,62912,3405,97075,,0.0351,
L06,Blank B,Z,7801,64388,3726,100712,,0.037,
L07,Sample X1,Z,111645,122336,54545,114350,0.5607,0.477,
L08,Sample X1,Z,145395,151709,67126,148690,0.6366,0.4514,
